CustomerID,Age,Gender,Occupation,Marital_Status,Annual_Income,Spending_Score,City,Credit_Score,Membership_Years,Online_Purchases,Store_Visits,Is_Prime_Member,Satisfaction_Rating,Total_Transactions,Avg_Transaction_Value
1,41.0,Other,Doctor,Married,56040.94,78.0,Delhi,726.0,2,56,40,0,4.0,25,226.33
2,33.3,Other,Doctor,Married,86345.56,41.0,Chennai,778.0,10,80,4,0,3.0,68,595.91
3,42.8,Male,Teacher,Divorced,68026.87,89.0,Delhi,774.0,12,161,41,1,3.0,169,1155.59
4,53.3,Male,Teacher,Divorced,103650.14,62.0,Delhi,425.0,4,168,22,1,2.0,31,1248.5
5,,Other,Engineer,Married,52609.57,10.0,Hyderabad,694.0,7,72,16,1,1.0,289,1106.63
6,32.2,Female,Doctor,Married,64090.99,21.0,Delhi,875.0,7,140,11,1,4.0,152,1183.68
7,54.0,Male,Doctor,Married,39368.48,36.0,Delhi,624.0,3,69,22,1,1.0,285,1036.35
8,44.2,Male,Business,Divorced,49414.04,12.0,Mumbai,691.0,14,5,15,1,5.0,168,1192.6
9,29.4,Other,Teacher,Divorced,72373.73,91.0,Chennai,739.0,14,83,2,0,1.0,228,1373.66
10,41.5,Male,Doctor,Single,82586.49,2.0,Mumbai,503.0,11,51,29,0,1.0,276,1370.85
11,29.4,Female,Unemployed,Single,119300.21,13.0,Mumbai,100.0,10,2,21,0,3.0,150,924.42
12,29.4,Other,Engineer,Married,58067.42,53.0,Bengaluru,330.0,10,80,8,0,4.0,34,1566.04
13,37.9,Male,Unemployed,Divorced,41335.73,32.0,Mumbai,687.0,0,62,28,0,1.0,49,1262.84
14,12.0,Other,Unemployed,Divorced,75066.52,95.0,Hyderabad,733.0,0,48,46,1,3.0,279,1692.89
15,14.3,Male,Engineer,Divorced,37443.46,16.0,Hyderabad,675.0,14,75,36,1,2.0,38,1773.15
16,28.3,Male,Unemployed,Married,71285.55,32.0,Bengaluru,643.0,3,111,22,1,3.0,145,622.91
17,22.8,Male,Doctor,Single,49954.89,32.0,Chennai,742.0,5,174,12,1,3.0,225,856.39
18,38.8,Female,Teacher,Married,64231.9,98.0,Chennai,878.0,7,108,31,1,3.0,26,1525.42
19,24.1,Female,Engineer,Single,81820.92,11.0,Mumbai,,5,182,45,1,1.0,184,534.04
20,18.1,Other,Business,Single,57785.33,10.0,Mumbai,856.0,11,191,46,0,1.0,235,1768.07
21,52.6,Male,Unemployed,Married,78657.58,15.0,Mumbai,454.0,8,64,47,1,2.0,42,1062.45
22,32.3,Male,Engineer,Single,77463.17,17.0,Chennai,729.0,14,80,22,1,5.0,74,1430.01
23,35.8,Female,Student,Single,22713.37,40.0,Delhi,662.0,14,194,44,1,5.0,120,1153.44
24,17.9,Male,Student,Divorced,41967.99,18.0,Hyderabad,747.0,8,14,16,1,5.0,243,643.04
25,28.5,Female,Teacher,Single,28763.86,55.0,Delhi,533.0,13,99,39,0,2.0,152,1622.22
26,36.3,Male,Doctor,Married,100034.74,73.0,Delhi,862.0,1,31,20,0,5.0,13,2300.29
27,21.2,Other,Teacher,Married,57892.16,25.0,Chennai,561.0,9,95,1,1,5.0,292,994.0
28,,Male,Teacher,Single,95616.58,59.0,Delhi,424.0,0,127,36,0,3.0,54,1071.06
29,27.8,Male,Teacher,Divorced,27340.95,78.0,Bengaluru,544.0,1,195,5,0,1.0,9,140.36
30,31.5,Female,Teacher,Divorced,48544.63,89.0,Mumbai,841.0,4,145,43,1,1.0,130,1740.6
31,27.8,Male,Business,Single,,22.0,Bengaluru,100.0,3,112,17,1,3.0,79,1564.71
32,57.2,Male,Business,Single,63585.49,30.0,Hyderabad,,3,82,29,1,3.0,169,506.65
33,34.8,Female,Engineer,Married,70657.2,84.0,Mumbai,424.0,8,42,21,1,3.0,282,374.05
34,22.3,Other,Student,Single,34923.84,85.0,Delhi,,10,115,32,1,1.0,294,420.31
35,44.9,Other,Teacher,Divorced,87536.07,44.0,Hyderabad,469.0,7,162,29,0,5.0,81,1458.07
36,20.3,Female,Engineer,Single,75540.32,32.0,Mumbai,423.0,5,77,16,1,3.0,141,1498.0
37,37.5,Female,Student,Married,68032.51,51.0,Delhi,334.0,0,57,42,1,2.0,110,830.67
38,11.5,Female,Unemployed,Married,,46.0,Bengaluru,386.0,1,32,31,1,3.0,99,1399.7
39,19.1,Female,Doctor,Married,66476.0,21.0,Mumbai,500.0,5,13,41,0,4.0,139,1263.55
40,37.4,Female,Business,Married,54170.2,99.0,Delhi,668.0,10,161,13,1,3.0,72,1053.09
41,43.9,Other,Unemployed,Married,26990.18,32.0,Bengaluru,376.0,1,188,9,1,1.0,151,1588.08
42,37.1,Other,Student,Single,58991.54,94.0,Hyderabad,358.0,14,131,46,1,3.0,163,718.03
43,33.6,Female,Unemployed,Single,56865.39,39.0,Hyderabad,730.0,12,58,35,0,4.0,167,1659.02
44,31.4,Male,Doctor,Single,81248.03,12.0,Hyderabad,799.0,9,156,33,1,2.0,193,908.59
45,17.3,Female,Student,Single,15311.47,47.0,Hyderabad,408.0,4,82,8,1,5.0,99,1912.61
46,26.4,Male,Unemployed,Married,,18.0,Chennai,577.0,13,133,41,1,3.0,185,797.88
47,29.5,Female,Business,Divorced,36888.64,21.0,Mumbai,367.0,4,120,27,0,4.0,292,1059.37
48,47.7,Female,Business,Single,66384.47,13.0,Mumbai,368.0,5,176,10,1,4.0,191,1223.43
49,39.1,Other,Engineer,Divorced,67485.6,21.0,Chennai,464.0,5,167,13,1,2.0,142,1220.93
50,13.8,Male,Unemployed,Single,58263.1,8.0,Delhi,,13,82,38,1,1.0,134,1396.33
51,38.9,Male,Teacher,Single,76145.86,46.0,Delhi,604.0,5,192,46,0,3.0,198,685.73
52,30.4,Other,Unemployed,Divorced,35084.68,7.0,Hyderabad,664.0,13,196,18,1,4.0,277,1185.08
53,26.9,Other,Student,Married,82154.41,23.0,Bengaluru,678.0,1,26,14,1,2.0,148,1255.25
54,42.3,Other,Student,Single,,96.0,Delhi,642.0,13,79,27,1,5.0,20,988.9
55,47.4,Other,Unemployed,Single,28882.03,75.0,Bengaluru,853.0,9,133,23,0,4.0,249,1361.62
56,46.2,Male,Doctor,Single,54552.08,86.0,Mumbai,653.0,13,12,7,0,2.0,111,661.45
57,24.9,Male,Business,Divorced,18096.85,22.0,Bengaluru,715.0,12,63,42,1,1.0,92,1069.42
58,,Female,Student,Married,65083.48,89.0,Mumbai,408.0,14,189,8,0,1.0,133,898.73
59,39.0,Female,Business,Divorced,54814.99,22.0,Chennai,862.0,13,146,46,0,4.0,8,1070.63
60,46.7,Other,Student,Divorced,84673.74,92.0,Chennai,,2,79,32,0,,99,1778.81
61,29.2,Other,Engineer,Married,72978.48,29.0,Hyderabad,,13,122,32,1,3.0,213,1786.58
62,32.8,Other,Teacher,Divorced,32160.07,13.0,Delhi,682.0,5,42,18,1,2.0,229,1708.17
63,21.7,Female,Student,Married,43232.25,82.0,Hyderabad,832.0,12,88,2,0,4.0,51,1015.1
64,,Female,Business,Single,,2.0,Mumbai,599.0,7,147,9,0,3.0,185,1563.05
65,44.8,Female,Engineer,Married,76941.58,29.0,Hyderabad,438.0,11,94,39,0,3.0,110,1244.94
66,51.3,Female,Student,Single,84450.02,85.0,Bengaluru,658.0,12,195,46,1,4.0,203,1218.24
67,34.1,Female,Doctor,Divorced,84290.19,79.0,Mumbai,798.0,10,171,41,1,1.0,110,1169.06
68,47.0,Female,Teacher,Divorced,58209.55,52.0,Chennai,684.0,11,150,0,0,2.0,284,1903.37
69,39.3,Female,Student,Single,67253.11,27.0,Delhi,579.0,0,1,28,0,2.0,264,1746.34
70,27.3,Other,Engineer,Divorced,85974.77,50.0,Mumbai,782.0,0,119,49,0,1.0,112,1497.96
71,39.3,Other,Doctor,Married,53933.83,95.0,Mumbai,410.0,10,21,33,0,4.0,23,1131.88
72,53.5,Other,Unemployed,Single,67594.52,79.0,Bengaluru,438.0,12,114,12,1,2.0,175,1215.82
73,34.6,Other,Engineer,Divorced,53462.38,23.0,Delhi,734.0,1,56,0,0,4.0,199,1412.23
74,53.8,Female,Engineer,Single,48981.04,88.0,Chennai,808.0,10,71,33,1,4.0,16,991.36
75,3.6,Male,Doctor,Married,60967.7,44.0,Mumbai,572.0,14,6,28,0,3.0,199,1575.33
76,44.9,Female,Engineer,Married,46249.13,77.0,Mumbai,398.0,11,183,47,0,1.0,287,831.5
77,36.0,Male,Doctor,Divorced,57381.68,22.0,Bengaluru,403.0,11,118,46,0,4.0,186,1356.74
78,31.4,Other,Student,Married,39300.9,43.0,Hyderabad,513.0,5,194,12,0,5.0,148,284.11
79,36.1,Female,Doctor,Single,56200.11,37.0,Chennai,464.0,8,113,47,0,1.0,186,979.75
80,11.1,Other,Doctor,Married,68967.81,61.0,Delhi,819.0,3,15,48,1,2.0,34,2031.07
81,32.4,Female,Teacher,Single,48224.73,97.0,Mumbai,,2,82,28,0,,88,1614.48
82,39.3,Other,Doctor,Single,60185.84,56.0,Mumbai,816.0,11,178,38,0,2.0,170,1814.19
83,52.7,Male,Doctor,Married,62786.85,3.0,Chennai,,7,71,23,0,2.0,288,933.08
84,28.8,Male,Unemployed,Divorced,69050.7,63.0,Hyderabad,363.0,10,123,25,1,1.0,285,1241.51
85,25.3,Male,Student,Married,57328.4,19.0,Mumbai,390.0,9,112,16,1,2.0,100,1712.8
86,29.0,Female,Teacher,Single,81717.33,23.0,Chennai,416.0,13,11,6,1,,270,1453.24
87,46.0,Male,Unemployed,Single,17981.62,29.0,Bengaluru,566.0,8,125,12,1,2.0,229,1403.43
88,38.9,Female,Business,Married,118755.06,30.0,Hyderabad,858.0,11,52,4,0,3.0,46,1852.23
89,28.6,Male,Student,Divorced,42577.32,39.0,Delhi,439.0,10,74,25,0,3.0,250,783.82
90,41.2,Male,Student,Divorced,68067.8,25.0,Mumbai,545.0,4,132,48,0,5.0,212,1126.3
91,36.2,Female,Business,Single,41230.64,8.0,Chennai,694.0,8,26,2,1,3.0,241,498.37
92,46.6,Female,Doctor,Single,72885.36,58.0,Bengaluru,786.0,1,139,6,0,2.0,26,761.96
93,26.6,Male,Unemployed,Divorced,65531.38,16.0,Delhi,775.0,2,144,48,0,,189,1629.67
94,31.1,Female,Engineer,Married,298331.0125,72.0,Chennai,816.0,6,133,38,1,1.0,246,833.06
95,30.3,Male,Teacher,Single,81461.75,1.0,Chennai,483.0,6,96,0,1,3.0,287,1494.21
96,17.4,Female,Engineer,Single,56720.78,5.0,Delhi,319.0,5,4,48,1,4.0,45,1863.39
97,38.6,Other,Business,Divorced,70944.32,3.0,Bengaluru,857.0,5,56,16,0,1.0,166,1128.82
98,38.1,Other,Student,Married,41656.8,65.0,Bengaluru,823.0,1,155,42,0,5.0,164,1407.95
99,35.1,Other,Student,Divorced,59382.25,4.0,Hyderabad,881.0,9,77,24,1,4.0,93,1497.32
100,32.2,Other,Teacher,Married,100068.15,99.0,Mumbai,,5,68,2,0,2.0,16,711.4
101,18.0,Other,Student,Married,79259.31,96.0,Delhi,446.0,3,117,14,1,2.0,77,953.42
102,30.0,Male,Student,Married,66152.42,64.0,Delhi,603.0,11,119,28,1,2.0,80,798.54
103,30.9,Other,Teacher,Single,51021.58,98.0,Delhi,881.0,2,58,42,0,4.0,205,985.31
104,25.4,Other,Unemployed,Divorced,61349.97,89.0,Bengaluru,527.0,12,32,31,1,4.0,14,1486.44
105,33.1,Other,Unemployed,Divorced,63951.32,10.0,Mumbai,401.0,10,61,25,1,4.0,230,961.92
106,39.8,Other,Teacher,Married,68984.57,21.0,Hyderabad,886.0,12,49,15,1,1.0,180,1185.94
107,57.6,Female,Business,Single,38466.79,46.0,Chennai,716.0,1,111,24,0,1.0,280,783.02
108,37.1,Male,Student,Single,73368.16,91.0,Chennai,515.0,0,18,27,1,2.0,43,1690.57
109,38.1,Other,Student,Divorced,38208.14,27.0,Delhi,706.0,10,196,8,1,3.0,64,981.96
110,,Other,Business,Single,92622.52,66.0,Mumbai,698.0,10,122,0,1,2.0,70,1809.19
111,12.0,Other,Unemployed,Single,44567.43,41.0,Bengaluru,798.0,4,193,28,1,5.0,128,1224.37
112,,Male,Doctor,Married,65932.57,13.0,Mumbai,764.0,1,46,21,1,1.0,168,637.2
113,35.7,Female,Doctor,Single,80102.85,9.0,Mumbai,381.0,1,166,15,1,4.0,163,1131.59
114,64.6,Male,Doctor,Married,54952.4,36.0,Bengaluru,664.0,6,195,40,1,1.0,61,774.89
115,32.7,Female,Unemployed,Divorced,66812.0,86.0,Delhi,100.0,7,32,43,0,4.0,82,1435.74
116,38.6,Other,Unemployed,Single,88703.63,90.0,Mumbai,347.0,12,140,40,0,5.0,198,1095.45
117,34.6,Other,Business,Divorced,71288.06,58.0,Chennai,810.0,9,83,6,1,5.0,289,1265.28
118,21.0,Male,Student,Divorced,67111.01,54.0,Bengaluru,628.0,7,181,13,0,1.0,19,1052.26
119,48.7,Male,Business,Single,26304.29,12.0,Hyderabad,415.0,13,134,28,0,4.0,16,977.86
120,44.0,Female,Business,Single,41325.55,81.0,Delhi,636.0,3,78,18,1,5.0,105,810.55
121,44.5,Female,Unemployed,Divorced,80938.4,78.0,Bengaluru,446.0,14,13,18,0,2.0,160,1534.49
122,24.1,Male,Doctor,Single,71399.01,14.0,Hyderabad,874.0,13,146,1,1,2.0,129,1130.74
123,51.8,Female,Engineer,Married,74429.33,34.0,Hyderabad,622.0,0,127,40,1,4.0,284,1074.12
124,18.2,Male,Student,Married,72707.94,53.0,Mumbai,742.0,10,53,44,1,1.0,114,1120.71
125,42.0,Female,Unemployed,Single,85795.13,20.0,Mumbai,312.0,6,147,14,1,5.0,150,928.46
126,61.3,Male,Doctor,Divorced,54772.0,75.0,Mumbai,793.0,0,28,2,1,1.0,220,1075.46
127,23.1,Male,Engineer,Single,62410.0,16.0,Bengaluru,586.0,10,23,10,0,2.0,166,1282.25
128,28.2,Male,Engineer,Single,39426.51,95.0,Bengaluru,413.0,3,81,45,1,5.0,132,786.35
129,36.2,Female,Unemployed,Divorced,34439.55,70.0,Delhi,779.0,7,62,29,0,1.0,154,844.26
130,29.0,Female,Teacher,Divorced,27125.19,56.0,Mumbai,321.0,1,104,39,1,3.0,40,1751.31
131,16.4,Female,Student,Married,42296.73,83.0,Hyderabad,648.0,5,56,17,1,4.0,177,1054.9
132,35.8,Male,Engineer,Divorced,91051.24,58.0,Chennai,865.0,12,135,47,1,4.0,26,979.38
133,22.3,Female,Unemployed,Married,28945.46,4.0,Delhi,619.0,5,61,1,0,3.0,210,662.45
134,40.7,Female,Unemployed,Divorced,53929.28,4.0,Bengaluru,425.0,11,156,31,1,2.0,131,1540.27
135,24.0,Male,Doctor,Single,34137.09,20.0,Delhi,576.0,8,16,7,1,5.0,221,777.63
136,53.6,Other,Teacher,Married,47980.52,10.0,Delhi,503.0,4,65,21,1,4.0,100,1193.88
137,25.6,Male,Student,Married,,24.0,Delhi,493.0,9,5,5,1,3.0,168,516.73
138,31.1,Female,Business,Married,45997.68,99.0,Delhi,846.0,3,57,11,0,3.0,152,1527.27
139,44.8,Male,Doctor,Single,81793.3,26.0,Chennai,585.0,4,68,46,1,2.0,22,1670.74
140,20.2,Other,Engineer,Single,90679.56,37.0,Mumbai,356.0,11,155,39,0,2.0,298,1393.81
141,37.7,Male,Engineer,Single,15018.09,85.0,Hyderabad,602.0,11,61,35,1,1.0,199,586.21
142,50.7,Female,Doctor,Single,46340.15,54.0,Delhi,462.0,9,168,14,0,4.0,155,1535.5
143,15.7,Other,Unemployed,Single,61182.84,21.0,Delhi,318.0,14,196,27,0,1.0,127,869.06
144,37.2,Female,Engineer,Married,82522.34,74.0,Delhi,669.0,10,81,48,1,3.0,191,731.61
145,38.1,Other,Teacher,Single,50915.11,38.0,Mumbai,563.0,4,168,44,1,5.0,153,1046.62
146,,Other,Student,Married,59601.29,46.0,Bengaluru,412.0,7,176,17,0,5.0,108,1038.65
147,20.2,Male,Teacher,Single,36865.12,4.0,Bengaluru,787.0,9,176,1,1,2.0,247,997.98
148,19.2,Male,Engineer,Divorced,,60.0,Chennai,626.0,11,70,12,1,5.0,235,1709.47
149,41.3,Female,Business,Married,88907.69,57.0,Bengaluru,841.0,7,130,44,1,5.0,210,2004.73
150,38.6,Male,Student,Divorced,23518.6,45.0,Delhi,878.0,1,9,14,0,5.0,202,652.35
151,38.0,Male,Student,Married,106572.38,20.0,Delhi,364.0,6,97,19,1,3.0,91,924.47
152,39.2,Other,Doctor,Divorced,74503.03,17.0,Delhi,591.0,7,88,28,1,5.0,146,1257.1
153,,Male,Doctor,Single,73599.46,71.0,Chennai,324.0,10,34,41,1,5.0,203,1044.51
154,37.8,Other,Business,Single,71509.37,4.0,Delhi,848.0,5,1,28,0,5.0,50,1359.76
155,38.5,Other,Unemployed,Single,54946.29,93.0,Bengaluru,300.0,4,123,2,1,1.0,292,1566.39
156,26.4,Other,Student,Married,67841.69,14.0,Mumbai,848.0,10,23,18,0,3.0,19,1499.75
157,57.4,Female,Business,Divorced,56222.07,3.0,Mumbai,440.0,8,73,2,1,2.0,48,1443.89
158,40.7,Female,Doctor,Single,71061.47,88.0,Hyderabad,,12,165,13,0,1.0,173,1863.64
159,20.7,Female,Doctor,Divorced,59326.27,80.0,Bengaluru,427.0,2,21,39,1,4.0,48,564.42
160,42.9,Other,Student,Divorced,40993.04,58.0,Delhi,500.0,11,153,3,1,3.0,102,1792.04
161,23.3,Female,Teacher,Single,298331.0125,55.0,Mumbai,426.0,12,170,10,0,3.0,265,1034.8
162,44.4,Female,Engineer,Single,40314.55,4.0,Bengaluru,556.0,12,182,30,0,4.0,113,1514.05
163,48.9,Male,Doctor,Divorced,79418.01,24.0,Mumbai,846.0,9,38,42,0,4.0,287,788.13
164,25.2,Female,Unemployed,Single,47651.07,34.0,Delhi,493.0,3,156,31,1,4.0,108,836.6
165,46.6,Female,Unemployed,Single,298331.0125,30.0,Mumbai,403.0,8,19,26,1,,260,1464.85
166,40.0,Other,Doctor,Single,67936.77,82.0,Hyderabad,834.0,5,40,29,1,5.0,210,428.51
167,44.9,Other,Teacher,Married,90290.35,19.0,Hyderabad,564.0,7,181,42,1,3.0,47,1595.78
168,57.8,Other,Teacher,Divorced,75461.66,31.0,Mumbai,683.0,6,147,1,0,5.0,249,1703.99
169,32.1,Other,Business,Divorced,47933.53,60.0,Bengaluru,559.0,10,107,48,1,5.0,291,1271.11
170,26.0,Other,Unemployed,Married,28263.77,60.0,Bengaluru,713.0,1,146,8,1,4.0,277,1256.7
171,24.3,Other,Business,Divorced,57314.64,19.0,Bengaluru,657.0,2,83,27,1,2.0,87,866.55
172,25.2,Female,Unemployed,Single,56815.52,49.0,Mumbai,374.0,0,110,30,1,1.0,114,1469.78
173,34.1,Other,Engineer,Divorced,40616.01,63.0,Bengaluru,654.0,8,65,33,1,2.0,194,1339.07
174,39.1,Other,Engineer,Single,298331.0125,83.0,Delhi,883.0,12,157,14,1,5.0,292,831.4
175,38.3,Male,Student,Married,96932.53,22.0,Hyderabad,487.0,6,52,47,1,,255,1043.41
176,44.9,Female,Business,Single,64445.65,24.0,Delhi,589.0,0,33,24,0,4.0,216,1136.27
177,35.2,Female,Doctor,Divorced,63209.52,76.0,Bengaluru,344.0,2,149,35,1,1.0,295,1042.88
178,52.4,Female,Business,Divorced,41255.44,30.0,Delhi,872.0,3,66,7,1,4.0,137,654.84
179,31.8,Other,Doctor,Divorced,87948.29,58.0,Bengaluru,382.0,3,133,8,1,1.0,205,1479.61
180,67.6,Other,Teacher,Married,58497.12,31.0,Mumbai,422.0,4,26,36,1,5.0,289,1102.6
181,42.5,Other,Business,Married,48420.73,64.0,Delhi,657.0,13,9,47,0,1.0,99,1206.15
182,24.7,Male,Teacher,Divorced,61273.77,19.0,Mumbai,827.0,2,72,44,0,1.0,282,968.69
183,22.1,Other,Engineer,Single,69439.23,48.0,Mumbai,365.0,2,95,38,0,1.0,223,1390.11
184,40.8,Male,Engineer,Married,62784.31,45.0,Chennai,674.0,0,47,31,0,2.0,93,1279.48
185,32.3,Female,Student,Divorced,84123.07,94.0,Bengaluru,461.0,6,69,16,0,2.0,76,1685.11
186,,Other,Business,Divorced,67679.43,55.0,Hyderabad,679.0,10,186,34,0,5.0,251,1392.24
187,40.7,Male,Teacher,Married,54321.16,55.0,Bengaluru,657.0,9,99,36,1,1.0,133,1118.93
188,34.1,Male,Doctor,Married,68023.84,97.0,Hyderabad,487.0,13,58,18,0,3.0,216,904.11
189,24.8,Other,Engineer,Married,69992.74,18.0,Bengaluru,621.0,0,1,43,0,5.0,100,1546.38
190,16.8,Female,Engineer,Single,34072.48,63.0,Mumbai,749.0,1,156,28,1,1.0,79,1086.97
191,29.6,Female,Doctor,Single,82988.39,92.0,Delhi,773.0,12,195,6,0,1.0,58,1131.31
192,45.3,Female,Teacher,Divorced,53981.92,47.0,Delhi,312.0,3,64,27,1,2.0,58,1131.21
193,37.6,Male,Teacher,Married,54493.54,75.0,Chennai,483.0,12,82,8,1,5.0,222,1039.36
194,20.1,Male,Business,Single,75027.52,57.0,Hyderabad,410.0,3,153,27,0,1.0,20,1138.18
195,37.1,Male,Business,Married,74943.3,45.0,Hyderabad,807.0,4,9,5,1,1.0,103,1970.48
196,39.6,Male,Unemployed,Divorced,45983.37,33.0,Hyderabad,589.0,10,52,28,0,5.0,24,780.87
197,24.4,Female,Unemployed,Single,76058.03,17.0,Mumbai,594.0,1,78,16,0,3.0,50,874.2
198,36.8,Other,Student,Single,48791.04,70.0,Hyderabad,750.0,3,58,15,1,5.0,197,1753.73
199,35.7,Male,Engineer,Single,96391.46,4.0,Delhi,514.0,0,149,22,1,5.0,62,1050.08
200,21.3,Male,Business,Divorced,43436.12,20.0,Mumbai,866.0,1,178,30,0,3.0,115,1019.75
201,39.3,Female,Teacher,Married,64789.55,47.0,Bengaluru,326.0,0,47,2,1,,133,1613.95
202,41.7,Other,Doctor,Single,44359.65,91.0,Hyderabad,530.0,9,148,20,1,,198,631.92
203,48.0,Other,Teacher,Divorced,,15.0,Hyderabad,864.0,9,122,25,0,5.0,12,1528.58
204,47.6,Female,Engineer,Married,35243.58,70.0,Bengaluru,620.0,12,21,35,0,3.0,33,1218.25
205,18.5,Female,Unemployed,Divorced,70487.25,47.0,Hyderabad,532.0,3,99,41,1,4.0,116,1385.92
206,,Other,Teacher,Married,45301.79,78.0,Bengaluru,736.0,3,97,36,0,5.0,165,1378.41
207,,Male,Student,Divorced,52917.85,75.0,Mumbai,832.0,6,157,21,0,2.0,135,948.81
208,41.2,Other,Engineer,Married,69070.76,9.0,Delhi,702.0,9,24,41,0,1.0,192,1620.47
209,41.2,Female,Unemployed,Single,,90.0,Bengaluru,352.0,10,27,11,0,1.0,167,979.94
210,,Male,Doctor,Married,92467.93,16.0,Chennai,612.0,10,192,41,0,2.0,201,1363.54
211,41.9,Male,Unemployed,Divorced,29261.04,69.0,Bengaluru,580.0,8,112,12,0,2.0,208,1695.09
212,48.6,Female,Student,Divorced,65355.02,61.0,Hyderabad,330.0,8,44,10,0,5.0,216,1751.56
213,46.4,Female,Engineer,Married,89189.87,10.0,Mumbai,636.0,4,67,15,1,2.0,113,1093.15
214,42.8,Female,Doctor,Single,26293.78,50.0,Mumbai,482.0,9,6,7,0,4.0,280,1385.25
215,31.2,Other,Student,Single,66287.67,3.0,Bengaluru,322.0,0,48,39,1,3.0,77,1056.2
216,44.1,Other,Unemployed,Married,298331.0125,77.0,Delhi,843.0,0,136,39,1,2.0,171,2201.52
217,25.7,Male,Student,Married,68290.84,94.0,Chennai,745.0,5,163,44,1,2.0,264,1512.05
218,32.2,Female,Engineer,Divorced,44553.92,70.0,Mumbai,373.0,1,82,1,0,4.0,247,1233.62
219,29.2,Male,Business,Single,31287.62,81.0,Hyderabad,309.0,7,128,29,0,1.0,279,1325.02
220,36.0,Male,Student,Married,21737.87,51.0,Hyderabad,100.0,12,137,29,1,1.0,106,1362.84
221,62.8,Male,Student,Single,79527.68,19.0,Delhi,755.0,8,163,11,0,5.0,177,1374.7
222,12.6,Male,Unemployed,Married,82080.98,42.0,Mumbai,865.0,12,72,9,1,4.0,175,1104.0
223,43.2,Female,Unemployed,Married,66053.71,35.0,Bengaluru,863.0,3,45,43,0,3.0,145,1042.27
224,15.6,Male,Doctor,Single,49317.03,46.0,Hyderabad,459.0,4,105,10,0,3.0,192,1139.26
225,29.3,Female,Unemployed,Married,27539.08,26.0,Delhi,313.0,10,159,14,1,4.0,90,744.12
226,48.1,Female,Teacher,Married,71266.91,69.0,Mumbai,477.0,7,31,15,1,3.0,56,1487.31
227,35.8,Other,Engineer,Divorced,37984.41,93.0,Mumbai,711.0,2,5,16,1,1.0,115,879.32
228,22.1,Female,Engineer,Married,45774.03,64.0,Mumbai,352.0,4,175,25,0,3.0,47,776.02
229,26.4,Other,Business,Married,48268.72,37.0,Mumbai,707.0,2,165,1,1,3.0,215,1194.26
230,43.2,Female,Business,Married,56049.3,84.0,Mumbai,321.0,11,144,49,0,4.0,204,1147.95
231,26.2,Female,Engineer,Divorced,44819.19,49.0,Hyderabad,329.0,9,73,11,0,4.0,244,1299.85
232,37.6,Female,Business,Single,60669.18,21.0,Delhi,559.0,2,113,25,0,3.0,119,972.72
233,35.5,Other,Doctor,Divorced,47563.63,74.0,Mumbai,504.0,2,26,22,1,,30,1042.98
234,27.2,Other,Unemployed,Divorced,74027.46,64.0,Chennai,358.0,12,53,17,1,4.0,81,1476.85
235,60.7,Male,Engineer,Single,80621.26,5.0,Chennai,770.0,11,177,31,1,5.0,141,1452.49
236,42.6,Other,Business,Divorced,62170.85,70.0,Delhi,765.0,6,162,48,0,5.0,24,1435.81
237,10.7,Other,Engineer,Single,69252.53,90.0,Bengaluru,311.0,14,84,37,0,1.0,215,1213.59
238,37.2,Other,Teacher,Divorced,102357.12,4.0,Bengaluru,589.0,6,126,46,1,3.0,244,1267.57
239,27.1,Other,Student,Single,36547.93,39.0,Bengaluru,653.0,6,152,2,0,2.0,43,1292.18
240,45.2,Male,Unemployed,Married,35330.64,35.0,Chennai,374.0,9,155,37,0,1.0,272,937.58
241,25.5,Other,Engineer,Divorced,73899.96,1.0,Bengaluru,860.0,7,110,2,1,3.0,211,1789.62
242,33.6,Female,Student,Divorced,98930.86,24.0,Hyderabad,890.0,4,14,29,1,4.0,271,1732.64
243,41.1,Female,Business,Divorced,54790.03,57.0,Mumbai,,4,131,0,1,5.0,158,1517.7
244,,Other,Student,Divorced,94536.68,70.0,Chennai,540.0,13,92,29,0,2.0,46,1029.66
245,20.6,Other,Unemployed,Married,61928.67,41.0,Delhi,453.0,3,122,44,0,5.0,15,1415.66
246,31.0,Female,Engineer,Divorced,46382.25,54.0,Delhi,395.0,6,72,31,0,4.0,298,1591.35
247,29.3,Female,Teacher,Married,40186.15,46.0,Mumbai,593.0,9,154,27,0,3.0,102,710.72
248,27.2,Male,Business,Married,72588.27,60.0,Chennai,508.0,3,153,20,0,4.0,279,1877.8
249,,Female,Engineer,Married,41700.82,60.0,Bengaluru,642.0,14,146,45,1,4.0,234,504.24
250,39.9,Female,Unemployed,Married,61625.54,57.0,Bengaluru,387.0,1,91,12,0,5.0,224,1481.84
251,,Other,Business,Single,91669.3,31.0,Hyderabad,689.0,3,16,26,0,2.0,69,1781.31
252,46.0,Female,Doctor,Single,53864.39,84.0,Hyderabad,624.0,12,42,35,0,4.0,236,1154.77
253,60.5,Male,Student,Divorced,86280.19,24.0,Bengaluru,456.0,12,120,6,1,5.0,56,1139.81
254,47.4,Female,Unemployed,Single,35709.13,89.0,Delhi,876.0,7,40,21,1,,267,1467.06
255,16.8,Other,Doctor,Single,49321.82,36.0,Delhi,436.0,8,169,9,1,3.0,271,1940.75
256,29.2,Other,Engineer,Divorced,31857.12,85.0,Hyderabad,727.0,2,177,38,0,3.0,158,1087.57
257,50.2,Female,Teacher,Divorced,61459.94,30.0,Mumbai,751.0,6,167,14,1,1.0,144,887.62
258,26.5,Other,Business,Divorced,75601.56,24.0,Bengaluru,440.0,13,38,14,1,5.0,55,1030.49
259,40.3,Male,Student,Single,61503.74,30.0,Hyderabad,382.0,11,112,3,1,2.0,121,578.99
260,44.3,Male,Business,Single,84541.0,86.0,Hyderabad,476.0,13,150,31,0,4.0,50,1559.1
261,23.9,Female,Engineer,Divorced,45016.42,92.0,Bengaluru,497.0,8,110,22,1,3.0,92,994.37
262,34.3,Female,Business,Married,64506.86,7.0,Bengaluru,867.0,10,179,5,0,2.0,212,1116.66
263,-3.9,Female,Student,Divorced,49450.61,35.0,Delhi,720.0,3,46,23,0,5.0,273,1563.85
264,22.7,Other,Engineer,Married,67233.53,55.0,Mumbai,700.0,9,62,19,1,1.0,93,1049.24
265,32.0,Male,Business,Married,70074.72,92.0,Mumbai,770.0,14,109,36,0,3.0,122,1503.64
266,20.0,Male,Teacher,Divorced,71647.92,14.0,Bengaluru,517.0,2,68,19,1,2.0,58,784.76
267,54.6,Other,Unemployed,Divorced,38588.11,10.0,Chennai,474.0,4,42,11,0,2.0,120,1583.49
268,,Male,Engineer,Divorced,42205.08,80.0,Hyderabad,322.0,0,175,32,1,2.0,122,1336.76
269,29.7,Female,Unemployed,Single,45914.25,16.0,Hyderabad,534.0,2,33,27,1,5.0,264,1164.57
270,36.6,Female,Engineer,Married,,54.0,Bengaluru,312.0,14,39,7,1,5.0,79,1252.36
271,52.3,Female,Teacher,Single,61743.73,95.0,Chennai,400.0,7,60,0,0,5.0,11,685.3
272,17.8,Male,Unemployed,Single,74161.78,89.0,Delhi,835.0,10,177,36,1,4.0,126,1243.2
273,49.0,Female,Doctor,Divorced,43038.03,77.0,Bengaluru,822.0,7,194,21,0,2.0,15,1143.33
274,35.1,Other,Student,Single,,70.0,Bengaluru,,14,61,5,1,3.0,219,696.23
275,23.2,Other,Doctor,Divorced,103114.86,44.0,Hyderabad,730.0,12,57,20,0,5.0,283,931.57
276,40.5,Male,Business,Married,37370.94,73.0,Bengaluru,832.0,3,160,31,0,5.0,32,1148.3
277,37.4,Other,Teacher,Divorced,76726.47,45.0,Bengaluru,592.0,1,74,34,1,2.0,239,957.08
278,27.8,Other,Doctor,Single,60625.34,56.0,Bengaluru,400.0,12,15,14,1,5.0,30,235.15
279,35.8,Male,Engineer,Single,65026.11,84.0,Hyderabad,801.0,7,81,4,1,4.0,58,1630.56
280,30.4,Female,Business,Divorced,59968.99,82.0,Delhi,603.0,7,93,45,1,4.0,33,1143.16
281,,Female,Business,Divorced,52303.16,57.0,Delhi,839.0,9,47,49,1,5.0,168,290.42
282,42.9,Female,Doctor,Single,69279.45,21.0,Bengaluru,852.0,3,137,47,0,2.0,274,2053.99
283,54.0,Male,Doctor,Married,51228.26,68.0,Hyderabad,654.0,2,81,5,1,2.0,39,1696.56
284,20.1,Other,Teacher,Married,83326.05,50.0,Delhi,602.0,1,37,24,1,2.0,290,1060.41
285,60.6,Female,Student,Divorced,71368.82,33.0,Delhi,795.0,8,126,45,0,1.0,277,863.0
286,11.6,Female,Doctor,Married,71991.88,91.0,Delhi,526.0,0,18,39,1,5.0,212,1361.28
287,33.2,Male,Doctor,Single,49857.54,7.0,Hyderabad,535.0,6,163,28,1,2.0,242,1280.93
288,42.1,Female,Unemployed,Divorced,55272.91,70.0,Hyderabad,754.0,4,186,6,0,4.0,97,1416.84
289,38.4,Male,Engineer,Single,36241.74,15.0,Bengaluru,312.0,7,62,39,1,3.0,177,864.15
290,27.5,Other,Unemployed,Single,52939.68,82.0,Mumbai,509.0,3,76,12,1,3.0,83,1639.11
291,32.5,Male,Unemployed,Married,39268.48,32.0,Delhi,696.0,6,173,37,1,2.0,114,1010.62
292,29.1,Male,Business,Divorced,86261.37,75.0,Mumbai,399.0,12,130,17,0,3.0,221,1472.31
293,27.9,Male,Student,Divorced,61010.72,20.0,Hyderabad,330.0,4,101,1,1,3.0,110,881.22
294,45.2,Male,Engineer,Married,63409.94,88.0,Hyderabad,827.0,14,64,7,0,1.0,51,2259.26
295,39.3,Other,Teacher,Single,55497.07,15.0,Hyderabad,628.0,13,119,10,1,4.0,185,1478.21
296,26.7,Other,Teacher,Single,63951.58,48.0,Mumbai,465.0,4,90,32,0,4.0,68,2353.69
297,45.8,Female,Doctor,Single,109297.55,71.0,Hyderabad,758.0,13,7,37,1,1.0,250,1531.04
298,38.7,Other,Doctor,Single,53997.19,21.0,Bengaluru,399.0,8,178,47,0,1.0,248,975.41
299,44.8,Other,Teacher,Divorced,46991.74,42.0,Hyderabad,472.0,8,72,26,0,3.0,91,1531.75
300,42.6,Female,Doctor,Divorced,70593.86,26.0,Chennai,,12,133,19,0,5.0,221,1560.23
301,25.1,Other,Student,Married,9485.63,14.0,Mumbai,,8,106,11,0,3.0,11,1349.33
302,28.3,Male,Unemployed,Married,61279.14,57.0,Chennai,573.0,11,88,42,0,1.0,282,1452.16
303,44.0,Male,Doctor,Divorced,52565.74,37.0,Hyderabad,302.0,5,38,30,0,4.0,214,1504.69
304,42.3,Female,Business,Divorced,,58.0,Bengaluru,327.0,5,112,26,1,3.0,173,802.53
305,34.7,Female,Doctor,Single,,21.0,Delhi,625.0,4,187,31,1,5.0,142,774.06
306,36.4,Female,Engineer,Single,61079.77,82.0,Hyderabad,448.0,8,27,9,0,3.0,234,882.31
307,50.3,Male,Student,Married,23951.82,69.0,Bengaluru,839.0,9,96,2,0,2.0,165,1251.02
308,27.9,Other,Engineer,Divorced,47069.41,3.0,Mumbai,787.0,7,181,44,0,3.0,5,1110.73
309,41.6,Male,Engineer,Married,2234.58,87.0,Chennai,737.0,6,36,26,0,1.0,240,809.77
310,32.6,Female,Business,Divorced,65865.39,90.0,Chennai,364.0,6,136,34,1,4.0,192,1510.13
311,32.4,Other,Student,Single,65665.99,37.0,Chennai,655.0,5,81,30,0,4.0,8,1313.22
312,48.2,Other,Student,Married,44134.36,88.0,Mumbai,832.0,4,55,14,1,,136,1267.57
313,44.9,Male,Student,Married,70802.25,49.0,Bengaluru,551.0,12,186,15,1,2.0,222,1096.8
314,44.8,Female,Student,Divorced,,19.0,Mumbai,534.0,3,84,12,0,1.0,264,1048.71
315,50.7,Male,Student,Single,40669.66,89.0,Chennai,526.0,2,1,48,0,3.0,5,863.47
316,35.3,Other,Business,Married,68343.81,85.0,Hyderabad,824.0,2,188,34,1,,75,1573.5
317,43.2,Male,Doctor,Single,46226.66,12.0,Delhi,612.0,5,57,10,1,1.0,182,918.6
318,31.3,Male,Engineer,Married,58746.86,61.0,Mumbai,348.0,14,106,20,0,,193,1283.76
319,38.9,Female,Student,Single,48727.02,41.0,Mumbai,417.0,3,122,10,0,3.0,295,1864.8
320,33.4,Female,Doctor,Divorced,51781.38,33.0,Bengaluru,353.0,11,187,29,0,5.0,12,1067.1
321,36.2,Other,Doctor,Married,52655.52,50.0,Bengaluru,864.0,11,167,47,1,5.0,257,1584.28
322,42.1,Male,Engineer,Married,45864.86,68.0,Mumbai,343.0,5,163,34,1,,296,1427.48
323,25.2,Male,Business,Single,66048.99,71.0,Chennai,352.0,2,113,21,0,1.0,248,1324.59
324,60.1,Male,Teacher,Single,47441.43,86.0,Delhi,885.0,14,106,37,1,4.0,127,1372.14
325,22.9,Other,Teacher,Married,60313.73,33.0,Bengaluru,857.0,3,36,30,1,2.0,287,1162.04
326,,Other,Doctor,Divorced,45425.37,81.0,Chennai,824.0,14,78,13,0,5.0,36,1213.91
327,48.9,Female,Unemployed,Single,29314.03,24.0,Hyderabad,401.0,8,91,23,0,,150,980.75
328,44.5,Female,Unemployed,Single,78248.7,61.0,Bengaluru,,4,17,49,1,2.0,160,1216.58
329,42.5,Female,Engineer,Single,69990.54,61.0,Chennai,437.0,12,97,48,1,2.0,20,965.91
330,42.5,Male,Teacher,Married,105773.64,98.0,Chennai,686.0,6,62,31,0,1.0,51,1602.26
331,34.9,Male,Doctor,Married,39120.54,28.0,Delhi,410.0,9,149,35,0,2.0,255,520.2
332,24.2,Female,Business,Married,55820.79,58.0,Delhi,316.0,1,138,31,0,1.0,191,1392.42
333,35.9,Male,Teacher,Married,57429.85,43.0,Hyderabad,481.0,13,185,14,0,1.0,35,1334.63
334,26.9,Female,Doctor,Divorced,79787.39,41.0,Chennai,835.0,13,184,42,0,3.0,264,1298.41
335,46.7,Other,Doctor,Divorced,,39.0,Chennai,840.0,4,3,34,1,4.0,21,1609.8
336,33.2,Female,Student,Married,36579.16,86.0,Delhi,470.0,8,134,2,1,2.0,43,1085.55
337,25.1,Other,Business,Divorced,84156.19,49.0,Bengaluru,708.0,10,60,15,1,2.0,43,1302.17
338,31.1,Male,Student,Single,53667.0,17.0,Bengaluru,677.0,2,106,4,1,3.0,136,513.38
339,,Female,Engineer,Single,77572.87,98.0,Mumbai,487.0,13,53,20,0,3.0,34,1033.87
340,28.2,Male,Student,Single,75243.97,70.0,Delhi,529.0,8,87,9,0,3.0,162,1542.29
341,25.1,Other,Student,Married,59402.19,70.0,Mumbai,418.0,13,67,18,0,5.0,282,664.34
342,37.9,Other,Teacher,Single,56513.73,98.0,Delhi,455.0,10,128,24,1,5.0,207,1263.9
343,37.9,Other,Unemployed,Divorced,52168.7,65.0,Hyderabad,100.0,14,54,3,1,5.0,70,928.99
344,28.9,Male,Doctor,Married,59696.14,74.0,Chennai,403.0,5,2,28,1,1.0,112,1155.61
345,29.3,Male,Business,Divorced,77262.0,85.0,Hyderabad,801.0,3,165,18,0,2.0,272,952.93
346,37.8,Male,Student,Single,44071.2,5.0,Delhi,474.0,6,120,42,1,4.0,226,701.12
347,17.6,Male,Business,Single,62176.91,2.0,Chennai,720.0,7,128,1,0,1.0,296,1354.4
348,18.1,Other,Unemployed,Single,,22.0,Bengaluru,433.0,5,101,9,0,,22,1180.16
349,26.4,Other,Unemployed,Married,40117.88,57.0,Bengaluru,690.0,4,37,42,0,2.0,94,1445.05
350,32.4,Female,Student,Divorced,59381.22,66.0,Mumbai,800.0,5,84,24,0,3.0,185,1517.78
351,38.7,Female,Engineer,Married,20796.84,74.0,Delhi,332.0,4,156,19,0,3.0,259,1690.1
352,52.7,Male,Student,Married,101211.17,98.0,Delhi,354.0,7,132,47,0,1.0,257,1253.39
353,45.3,Other,Teacher,Single,36138.8,16.0,Bengaluru,818.0,0,91,18,1,3.0,261,1707.45
354,33.1,Other,Doctor,Married,,51.0,Hyderabad,311.0,10,20,22,0,2.0,91,809.69
355,34.8,Other,Engineer,Married,83364.35,39.0,Chennai,827.0,6,198,23,0,3.0,94,1563.58
356,23.0,Female,Student,Single,42741.89,86.0,Hyderabad,,14,194,10,1,5.0,241,1383.76
357,34.8,Female,Business,Married,13946.06,76.0,Hyderabad,672.0,9,108,45,0,3.0,74,1293.24
358,31.5,Other,Engineer,Single,51101.08,88.0,Bengaluru,783.0,9,46,33,1,2.0,48,1377.89
359,38.9,Other,Engineer,Single,42503.59,40.0,Bengaluru,527.0,10,83,27,1,1.0,204,815.7
360,25.1,Other,Student,Single,14472.53,38.0,Bengaluru,606.0,1,82,4,1,4.0,156,721.3
361,41.2,Female,Engineer,Single,65697.8,60.0,Mumbai,756.0,14,34,4,0,3.0,90,1883.93
362,53.4,Other,Business,Married,64141.88,59.0,Hyderabad,459.0,13,195,20,0,2.0,23,1132.51
363,33.7,Other,Unemployed,Single,82846.53,10.0,Delhi,630.0,8,68,11,1,4.0,105,1126.8
364,39.8,Male,Engineer,Single,37583.55,99.0,Chennai,524.0,0,128,49,0,,99,759.08
365,43.3,Male,Unemployed,Married,28017.27,64.0,Mumbai,803.0,10,195,3,0,5.0,258,607.29
366,30.2,Female,Business,Married,51865.54,63.0,Delhi,755.0,9,139,48,1,4.0,34,1164.67
367,37.7,Other,Student,Divorced,58233.15,49.0,Hyderabad,344.0,5,187,41,1,2.0,253,1063.36
368,35.2,Other,Doctor,Married,78426.99,64.0,Bengaluru,513.0,8,26,19,0,2.0,37,1200.69
369,36.2,Male,Engineer,Married,88211.36,32.0,Hyderabad,358.0,0,55,37,1,3.0,233,1234.86
370,25.7,Female,Doctor,Divorced,84289.58,7.0,Chennai,494.0,3,22,24,1,3.0,16,2195.78
371,35.3,Male,Business,Married,65530.87,21.0,Mumbai,788.0,3,152,13,1,3.0,122,1064.57
372,41.0,Male,Engineer,Married,75989.99,20.0,Mumbai,456.0,14,20,10,0,4.0,159,1831.98
373,52.4,Male,Unemployed,Married,47190.13,26.0,Chennai,525.0,8,60,31,0,4.0,250,1856.81
374,46.5,Male,Teacher,Married,63367.9,68.0,Delhi,711.0,10,62,10,0,5.0,251,1501.45
375,60.8,Other,Doctor,Divorced,36174.2,86.0,Delhi,504.0,4,121,17,1,3.0,33,1105.95
376,25.8,Other,Engineer,Married,61253.71,15.0,Mumbai,378.0,4,51,26,0,1.0,165,655.41
377,45.5,Male,Doctor,Married,61772.93,85.0,Mumbai,423.0,5,87,17,1,5.0,239,1391.18
378,37.2,Female,Engineer,Divorced,94442.57,79.0,Bengaluru,770.0,0,152,22,0,,194,1607.52
379,61.3,Female,Student,Single,55420.34,86.0,Delhi,517.0,0,54,10,0,4.0,121,1899.07
380,25.3,Female,Unemployed,Divorced,61800.86,92.0,Chennai,815.0,14,45,20,1,5.0,275,820.02
381,24.9,Female,Doctor,Single,64739.23,14.0,Delhi,403.0,8,31,43,0,5.0,262,1102.59
382,27.8,Male,Teacher,Divorced,50903.59,27.0,Bengaluru,692.0,2,54,4,1,2.0,184,822.45
383,9.5,Other,Teacher,Divorced,,40.0,Mumbai,733.0,3,95,22,0,4.0,176,946.61
384,28.7,Female,Business,Married,85976.23,58.0,Mumbai,,0,132,40,0,4.0,278,1465.76
385,25.9,Male,Engineer,Single,40381.65,28.0,Bengaluru,442.0,8,35,24,1,5.0,263,928.28
386,36.8,Female,Doctor,Married,33441.64,26.0,Chennai,839.0,14,109,40,1,4.0,139,870.29
387,39.1,Female,Business,Single,73605.31,63.0,Mumbai,577.0,7,176,9,1,5.0,175,1518.8
388,57.5,Male,Doctor,Divorced,83156.3,66.0,Hyderabad,532.0,1,105,21,0,2.0,214,1380.3
389,46.4,Other,Engineer,Divorced,50971.81,25.0,Mumbai,828.0,7,57,18,0,,240,1340.0
390,28.1,Other,Teacher,Single,51278.93,3.0,Hyderabad,870.0,14,38,0,0,4.0,190,938.85
391,24.2,Male,Student,Married,,72.0,Bengaluru,389.0,6,79,6,1,4.0,99,1717.21
392,40.9,Other,Teacher,Married,45842.95,44.0,Bengaluru,,10,96,3,1,,15,1205.8
393,19.2,Male,Business,Married,44365.75,97.0,Mumbai,498.0,5,112,0,1,5.0,72,2152.08
394,57.0,Male,Unemployed,Married,77591.85,42.0,Delhi,661.0,0,60,14,0,5.0,214,1264.47
395,49.2,Male,Student,Divorced,72142.62,99.0,Hyderabad,740.0,14,136,39,0,3.0,200,266.66
396,29.4,Other,Business,Divorced,86223.18,6.0,Chennai,,6,5,11,1,4.0,102,248.85
397,,Male,Engineer,Divorced,34948.22,39.0,Mumbai,,9,108,21,0,4.0,97,1449.58
398,51.2,Female,Student,Divorced,49950.75,52.0,Chennai,693.0,6,34,21,1,3.0,26,1720.2
399,33.6,Other,Business,Divorced,,23.0,Mumbai,806.0,12,38,49,0,5.0,176,886.47
400,49.9,Other,Engineer,Married,41487.58,89.0,Delhi,600.0,13,149,46,0,2.0,138,2040.39
