order_id,product,category,price,quantity,order_date,city,status
1,Headphones,Mobiles,54607.04,1,2023-11-24,Chennai,Delivered
2,Monitor,Accessories,89252.29,1,2023-02-27,Hyderabad,Delivered
3,Smartwatch,Electronics,2014.61,2,2023-01-13,Chennai,Delivered
4,Phone,Electronics,95596.36,2,2023-05-21,Mumbai,Returned
5,Headphones,Mobiles,137036.4,1,2023-05-06,Chennai,Returned
6,Keyboard,Mobiles,92079.73,3,2023-04-25,Hyderabad,Shipped
7,Headphones,Accessories,131117.94,4,2023-03-13,Hyderabad,Cancelled
8,Smartwatch,Mobiles,108733.97,4,2023-02-22,Bangalore,Returned
9,Phone,Mobiles,18523.48,3,2023-12-13,Mumbai,Cancelled
10,Monitor,Electronics,135416.77,3,2023-10-07,Bangalore,Delivered
11,Smartwatch,Electronics,10433.35,3,2023-02-14,Mumbai,Returned
12,Smartwatch,Accessories,80328.14,3,2023-10-30,Chennai,Shipped
13,Keyboard,Mobiles,21749.5,3,2023-08-05,Hyderabad,Shipped
14,Camera,Mobiles,2250.14,3,2023-01-17,Bangalore,Cancelled
15,Phone,Electronics,63594.12,4,2023-01-16,Chennai,Delivered
16,Mouse,Mobiles,44608.59,3,2023-02-17,Hyderabad,Cancelled
17,Smartwatch,Electronics,73157.07,1,2023-04-22,Mumbai,Delivered
18,Camera,Accessories,86791.38,3,2023-04-30,Hyderabad,Shipped
19,Mouse,Electronics,7038.99,3,2023-09-16,Chennai,Cancelled
20,Phone,Mobiles,18888.99,4,2023-11-05,Bangalore,Shipped
21,Laptop,Accessories,84017.04,4,2023-01-14,Bangalore,Shipped
22,Camera,Electronics,51803.52,3,2023-10-15,Hyderabad,Delivered
23,Tablet,Electronics,109511.44,4,2023-04-12,Chennai,Cancelled
24,Laptop,Accessories,98017.6,2,2023-11-29,Kochi,Cancelled
25,Keyboard,Accessories,126917.85,4,2023-12-26,Mumbai,Shipped
26,Headphones,Electronics,104027.68,4,2023-10-07,Mumbai,Shipped
27,Monitor,Mobiles,64774.7,4,2023-08-03,Chennai,Delivered
28,Tablet,Electronics,101108.51,4,2023-04-23,Kochi,Returned
29,Keyboard,Accessories,41669.49,1,2023-08-18,Bangalore,Returned
30,Phone,Electronics,46293.87,1,2023-10-29,Delhi,Shipped
31,Keyboard,Accessories,118453.28,1,2023-05-23,Delhi,Returned
32,Headphones,Accessories,67239.72,3,2023-01-04,Chennai,Returned
33,Phone,Mobiles,119857.86,3,2023-03-23,Kochi,Returned
34,Tablet,Accessories,123452.14,2,2023-12-24,Kochi,Returned
35,Headphones,Accessories,128705.57,1,2023-08-05,Mumbai,Shipped
36,Mouse,Mobiles,137536.97,3,2023-06-24,Bangalore,Returned
37,Monitor,Accessories,64932.29,4,2023-05-23,Hyderabad,Returned
38,Tablet,Mobiles,48170.59,4,2023-03-21,Kochi,Delivered
39,Mouse,Mobiles,87538.71,1,2023-04-21,Hyderabad,Shipped
40,Tablet,Accessories,55990.28,2,2023-06-22,Delhi,Cancelled
41,Phone,Accessories,90360.59,2,2023-02-22,Hyderabad,Cancelled
42,Mouse,Electronics,105985.09,4,2023-02-17,Bangalore,Delivered
43,Monitor,Mobiles,103416.55,2,2023-07-14,Bangalore,Delivered
44,Headphones,Electronics,56495.66,1,2023-02-19,Hyderabad,Shipped
45,Smartwatch,Accessories,25445.6,4,2023-07-03,Chennai,Cancelled
46,Keyboard,Electronics,64864.14,3,2023-06-26,Kochi,Returned
47,Laptop,Mobiles,21817.82,3,2023-11-06,Chennai,Delivered
48,Monitor,Electronics,133569.51,2,2023-05-16,Hyderabad,Cancelled
49,Mouse,Mobiles,52208.68,4,2023-01-23,Kochi,Shipped
50,Smartwatch,Accessories,23591.73,4,2023-08-24,Mumbai,Returned
51,Monitor,Accessories,4304.44,3,2023-10-02,Chennai,Shipped
52,Mouse,Mobiles,97050.45,4,2023-03-05,Chennai,Delivered
53,Camera,Accessories,95716.9,4,2023-07-13,Hyderabad,Cancelled
54,Camera,Accessories,51420.32,4,2023-02-10,Delhi,Cancelled
55,Monitor,Accessories,11220.93,2,2023-10-10,Hyderabad,Cancelled
56,Camera,Accessories,61739.52,4,2023-05-31,Chennai,Cancelled
57,Mouse,Mobiles,47027.02,1,2023-11-18,Kochi,Returned
58,Mouse,Electronics,101729.54,2,2023-11-13,Delhi,Returned
59,Monitor,Electronics,91064.0,4,2023-07-05,Hyderabad,Shipped
60,Smartwatch,Accessories,55006.76,4,2023-10-23,Hyderabad,Returned
61,Headphones,Electronics,33074.94,1,2023-04-09,Chennai,Delivered
62,Tablet,Electronics,148211.38,2,2023-12-27,Chennai,Delivered
63,Smartwatch,Accessories,68373.24,3,2023-02-05,Mumbai,Cancelled
64,Phone,Accessories,103397.0,3,2023-01-24,Hyderabad,Delivered
65,Mouse,Electronics,21512.67,2,2023-12-05,Chennai,Shipped
66,Phone,Mobiles,73095.66,4,2023-04-27,Bangalore,Returned
67,Smartwatch,Accessories,4616.74,4,2023-05-29,Delhi,Returned
68,Tablet,Mobiles,76065.54,3,2023-02-10,Bangalore,Returned
69,Tablet,Electronics,144620.6,3,2023-04-30,Delhi,Delivered
70,Laptop,Accessories,57938.9,3,2023-02-21,Hyderabad,Returned
71,Tablet,Mobiles,6329.9,1,2023-07-14,Mumbai,Cancelled
72,Headphones,Accessories,5127.89,3,2023-05-23,Chennai,Cancelled
73,Tablet,Electronics,58504.02,1,2023-08-21,Chennai,Cancelled
74,Smartwatch,Mobiles,24423.73,2,2023-11-22,Chennai,Delivered
75,Laptop,Electronics,3991.14,4,2023-07-06,Hyderabad,Returned
76,Smartwatch,Electronics,113553.94,3,2023-03-25,Delhi,Delivered
77,Smartwatch,Accessories,69049.19,4,2023-07-09,Chennai,Returned
78,Keyboard,Mobiles,43742.09,4,2023-07-01,Bangalore,Shipped
79,Laptop,Electronics,135062.44,3,2023-04-18,Chennai,Shipped
80,Smartwatch,Electronics,17862.77,3,2023-12-10,Hyderabad,Delivered
81,Keyboard,Mobiles,143409.86,2,2023-05-17,Mumbai,Cancelled
82,Keyboard,Electronics,47438.02,1,2023-12-26,Bangalore,Delivered
83,Laptop,Electronics,133316.35,1,2023-12-16,Chennai,Cancelled
84,Phone,Mobiles,90639.96,4,2023-11-28,Chennai,Returned
85,Headphones,Mobiles,124092.75,3,2023-02-06,Kochi,Cancelled
86,Tablet,Mobiles,147609.97,2,2023-11-08,Delhi,Cancelled
87,Headphones,Mobiles,43616.61,2,2023-11-22,Bangalore,Returned
88,Tablet,Accessories,144189.76,2,2023-03-29,Kochi,Shipped
89,Smartwatch,Mobiles,58727.54,2,2023-10-01,Mumbai,Returned
90,Mouse,Accessories,58134.03,2,2023-05-06,Delhi,Delivered
91,Laptop,Accessories,51387.87,1,2023-03-25,Bangalore,Delivered
92,Headphones,Accessories,81440.44,1,2023-08-25,Chennai,Delivered
93,Headphones,Electronics,23544.68,1,2023-07-14,Bangalore,Delivered
94,Smartwatch,Accessories,83279.87,3,2023-05-19,Chennai,Delivered
95,Phone,Accessories,81484.87,4,2023-11-24,Delhi,Shipped
96,Keyboard,Electronics,114404.32,2,2023-12-19,Chennai,Shipped
97,Smartwatch,Electronics,125130.67,3,2023-10-13,Mumbai,Cancelled
98,Camera,Electronics,66345.98,2,2023-04-23,Hyderabad,Delivered
99,Keyboard,Mobiles,45698.82,1,2023-12-17,Chennai,Returned
100,Laptop,Electronics,39270.57,3,2023-06-16,Mumbai,Delivered
101,Keyboard,Electronics,29596.26,1,2023-01-29,Hyderabad,Shipped
102,Phone,Accessories,9118.31,2,2023-04-28,Delhi,Delivered
103,Keyboard,Electronics,51695.97,2,2023-01-17,Delhi,Shipped
104,Laptop,Mobiles,40902.03,4,2023-06-11,Bangalore,Cancelled
105,Phone,Electronics,144979.4,2,2023-07-25,Mumbai,Cancelled
106,Headphones,Mobiles,83877.47,1,2023-05-18,Mumbai,Cancelled
107,Headphones,Electronics,52417.92,2,2023-02-03,Kochi,Shipped
108,Tablet,Electronics,87279.91,4,2023-04-19,Kochi,Delivered
109,Keyboard,Electronics,21309.91,4,2023-10-18,Hyderabad,Delivered
110,Headphones,Electronics,66884.54,1,2023-06-11,Hyderabad,Returned
111,Laptop,Mobiles,94122.03,3,2023-04-19,Kochi,Shipped
112,Monitor,Mobiles,73590.23,2,2023-12-02,Hyderabad,Returned
113,Monitor,Accessories,60565.93,4,2023-09-13,Chennai,Cancelled
114,Phone,Mobiles,149080.33,2,2023-07-22,Kochi,Delivered
115,Headphones,Electronics,132107.06,2,2023-11-26,Mumbai,Shipped
116,Headphones,Accessories,93699.19,3,2023-08-23,Chennai,Returned
117,Monitor,Accessories,85621.92,4,2023-03-15,Hyderabad,Returned
118,Headphones,Accessories,93288.74,2,2023-05-16,Delhi,Returned
119,Keyboard,Electronics,30596.16,4,2023-03-13,Bangalore,Delivered
120,Camera,Mobiles,59573.09,1,2023-05-07,Kochi,Delivered
121,Mouse,Electronics,6399.2,1,2023-10-15,Delhi,Delivered
122,Tablet,Accessories,71594.13,2,2023-10-03,Hyderabad,Shipped
123,Phone,Electronics,81682.18,4,2023-05-15,Mumbai,Delivered
124,Camera,Electronics,34548.59,2,2023-10-27,Bangalore,Shipped
125,Monitor,Mobiles,144622.31,4,2023-08-08,Delhi,Returned
126,Headphones,Mobiles,136463.46,4,2023-10-26,Bangalore,Returned
127,Tablet,Accessories,108460.41,3,2023-07-24,Kochi,Cancelled
128,Headphones,Electronics,80241.3,3,2023-07-05,Hyderabad,Delivered
129,Laptop,Electronics,130560.39,3,2023-04-23,Mumbai,Returned
130,Laptop,Mobiles,20032.53,2,2023-03-12,Hyderabad,Delivered
131,Tablet,Electronics,118681.21,3,2023-09-18,Bangalore,Shipped
132,Tablet,Electronics,19160.71,3,2023-09-10,Delhi,Returned
133,Monitor,Electronics,119234.49,1,2023-02-16,Kochi,Delivered
134,Tablet,Mobiles,41727.25,4,2023-01-25,Kochi,Returned
135,Keyboard,Accessories,131625.04,4,2023-02-26,Hyderabad,Returned
136,Headphones,Accessories,141634.29,3,2023-03-20,Delhi,Delivered
137,Camera,Electronics,22745.0,4,2023-11-18,Delhi,Returned
138,Smartwatch,Accessories,69670.0,1,2023-03-23,Bangalore,Returned
139,Tablet,Mobiles,147157.61,1,2023-12-15,Hyderabad,Returned
140,Phone,Mobiles,72769.41,3,2023-08-05,Hyderabad,Returned
141,Laptop,Accessories,129600.35,1,2023-11-02,Chennai,Shipped
142,Keyboard,Accessories,88515.36,4,2023-02-02,Hyderabad,Returned
143,Smartwatch,Electronics,56611.82,2,2023-07-17,Kochi,Cancelled
144,Camera,Accessories,43224.64,4,2023-07-15,Bangalore,Returned
145,Smartwatch,Electronics,30881.85,2,2023-11-02,Delhi,Delivered
146,Tablet,Electronics,114388.83,3,2023-08-28,Hyderabad,Cancelled
147,Monitor,Mobiles,58287.81,2,2023-09-28,Bangalore,Shipped
148,Laptop,Mobiles,76935.68,1,2023-05-09,Hyderabad,Cancelled
149,Laptop,Mobiles,74102.66,4,2023-10-11,Delhi,Cancelled
150,Monitor,Mobiles,86803.21,2,2023-01-06,Mumbai,Cancelled
151,Headphones,Accessories,129903.78,4,2023-12-15,Delhi,Delivered
152,Mouse,Mobiles,147120.53,3,2023-02-28,Delhi,Delivered
153,Keyboard,Accessories,61433.84,3,2023-12-16,Delhi,Delivered
154,Laptop,Mobiles,124214.08,1,2023-10-02,Hyderabad,Shipped
155,Phone,Accessories,114796.91,3,2023-05-17,Chennai,Delivered
156,Laptop,Electronics,86242.58,2,2023-11-25,Delhi,Delivered
157,Smartwatch,Accessories,143429.05,3,2023-06-24,Kochi,Cancelled
158,Laptop,Accessories,30470.94,1,2023-02-27,Kochi,Delivered
159,Laptop,Mobiles,16835.0,4,2023-05-31,Bangalore,Returned
160,Mouse,Accessories,128167.31,4,2023-08-11,Chennai,Delivered
161,Mouse,Electronics,66152.9,3,2023-03-22,Bangalore,Shipped
162,Camera,Electronics,127121.84,2,2023-08-21,Kochi,Shipped
163,Headphones,Mobiles,134016.99,1,2023-01-02,Kochi,Returned
164,Phone,Electronics,9837.41,2,2023-05-15,Mumbai,Shipped
165,Laptop,Accessories,132577.98,1,2023-09-14,Delhi,Shipped
166,Laptop,Electronics,67523.7,3,2023-04-02,Kochi,Cancelled
167,Keyboard,Mobiles,76809.66,1,2023-09-17,Hyderabad,Returned
168,Mouse,Accessories,94175.58,1,2023-02-24,Hyderabad,Cancelled
169,Phone,Mobiles,138994.2,3,2023-11-17,Bangalore,Cancelled
170,Camera,Accessories,3357.86,2,2023-06-02,Bangalore,Delivered
171,Headphones,Electronics,71788.1,3,2023-11-24,Delhi,Returned
172,Monitor,Mobiles,103314.45,1,2023-09-17,Delhi,Delivered
173,Headphones,Mobiles,108544.69,3,2023-11-08,Mumbai,Delivered
174,Smartwatch,Accessories,104033.6,1,2023-04-12,Chennai,Cancelled
175,Laptop,Mobiles,20598.05,3,2023-03-20,Bangalore,Shipped
176,Camera,Accessories,45259.64,4,2023-07-11,Delhi,Returned
177,Smartwatch,Accessories,54127.97,4,2023-03-24,Bangalore,Shipped
178,Phone,Accessories,120763.36,3,2023-10-04,Delhi,Cancelled
179,Monitor,Accessories,42174.6,2,2023-09-29,Kochi,Cancelled
180,Mouse,Electronics,32000.39,1,2023-01-01,Bangalore,Cancelled
181,Camera,Accessories,143638.48,4,2023-11-03,Kochi,Cancelled
182,Camera,Mobiles,1825.06,2,2023-06-15,Bangalore,Cancelled
183,Laptop,Electronics,149674.22,1,2023-09-08,Chennai,Cancelled
184,Tablet,Mobiles,101684.78,4,2023-01-10,Mumbai,Shipped
185,Camera,Electronics,124356.16,4,2023-02-27,Hyderabad,Delivered
186,Keyboard,Accessories,44545.6,3,2023-07-05,Hyderabad,Shipped
187,Monitor,Electronics,2640.13,1,2023-06-07,Hyderabad,Returned
188,Monitor,Electronics,110811.49,2,2023-05-03,Kochi,Shipped
189,Keyboard,Mobiles,125204.62,2,2023-01-30,Delhi,Cancelled
190,Keyboard,Mobiles,111201.18,2,2023-05-04,Hyderabad,Shipped
191,Keyboard,Accessories,21856.12,1,2023-10-18,Chennai,Delivered
192,Monitor,Electronics,113137.47,2,2023-02-10,Hyderabad,Returned
193,Headphones,Electronics,115453.96,2,2023-02-13,Bangalore,Shipped
194,Monitor,Electronics,98951.81,2,2023-09-06,Kochi,Delivered
195,Tablet,Accessories,115034.33,3,2023-02-05,Bangalore,Shipped
196,Laptop,Accessories,126965.26,3,2023-09-30,Bangalore,Returned
197,Smartwatch,Accessories,92233.82,1,2023-03-06,Bangalore,Shipped
198,Headphones,Accessories,13746.4,1,2023-03-07,Mumbai,Cancelled
199,Mouse,Accessories,73400.36,2,2023-12-04,Mumbai,Shipped
200,Smartwatch,Mobiles,12108.58,3,2023-09-01,Delhi,Delivered
201,Laptop,Electronics,61427.68,4,2023-10-09,Kochi,Shipped
202,Tablet,Electronics,61362.42,4,2023-03-26,Chennai,Delivered
203,Tablet,Electronics,10368.47,2,2023-05-16,Chennai,Returned
204,Mouse,Electronics,52648.67,2,2023-09-28,Chennai,Shipped
205,Headphones,Electronics,17094.22,3,2023-11-07,Bangalore,Returned
206,Keyboard,Electronics,121331.16,3,2023-08-05,Mumbai,Returned
207,Headphones,Electronics,142179.36,3,2023-04-19,Kochi,Shipped
208,Tablet,Electronics,11311.31,1,2023-10-04,Bangalore,Delivered
209,Monitor,Mobiles,143289.72,1,2023-12-20,Mumbai,Returned
210,Laptop,Electronics,78625.2,2,2023-04-13,Mumbai,Returned
211,Mouse,Mobiles,45285.07,1,2024-01-01,Hyderabad,Shipped
212,Laptop,Accessories,11990.88,3,2023-06-09,Hyderabad,Shipped
213,Phone,Electronics,75343.33,3,2023-07-24,Kochi,Shipped
214,Phone,Accessories,119280.07,1,2023-12-10,Kochi,Shipped
215,Headphones,Accessories,106209.43,4,2023-11-29,Kochi,Shipped
216,Tablet,Accessories,8008.79,2,2023-07-11,Bangalore,Cancelled
217,Tablet,Mobiles,11398.82,4,2023-08-13,Delhi,Shipped
218,Keyboard,Accessories,60729.56,2,2023-09-22,Kochi,Delivered
219,Keyboard,Accessories,44645.93,4,2023-08-20,Hyderabad,Returned
220,Keyboard,Accessories,35241.46,1,2023-03-03,Delhi,Delivered
221,Monitor,Electronics,42510.17,2,2023-05-07,Bangalore,Delivered
222,Smartwatch,Electronics,120620.67,2,2023-04-26,Delhi,Cancelled
223,Camera,Mobiles,139419.59,2,2023-02-02,Chennai,Shipped
224,Smartwatch,Mobiles,61062.85,3,2023-06-23,Delhi,Returned
225,Laptop,Electronics,135963.59,3,2023-01-11,Kochi,Delivered
226,Smartwatch,Mobiles,48563.61,4,2023-10-29,Bangalore,Shipped
227,Monitor,Electronics,71727.33,1,2023-10-11,Kochi,Shipped
228,Laptop,Accessories,34291.34,3,2023-04-28,Hyderabad,Cancelled
229,Smartwatch,Accessories,96251.17,2,2023-10-29,Chennai,Cancelled
230,Monitor,Mobiles,146857.68,3,2023-04-23,Hyderabad,Cancelled
231,Camera,Electronics,90722.22,1,2023-01-04,Kochi,Returned
232,Smartwatch,Electronics,53993.21,3,2023-02-06,Kochi,Delivered
233,Monitor,Mobiles,97348.71,2,2023-12-29,Kochi,Cancelled
234,Keyboard,Electronics,18876.64,4,2023-11-20,Mumbai,Cancelled
235,Tablet,Accessories,133354.53,2,2023-01-31,Chennai,Cancelled
236,Keyboard,Mobiles,75711.05,1,2023-04-28,Kochi,Delivered
237,Tablet,Mobiles,67677.79,4,2023-02-04,Kochi,Delivered
238,Mouse,Electronics,88086.79,3,2023-01-17,Hyderabad,Cancelled
239,Mouse,Mobiles,93905.19,3,2023-06-19,Hyderabad,Cancelled
240,Mouse,Electronics,11230.48,3,2023-02-06,Kochi,Shipped
241,Camera,Electronics,102551.27,4,2023-09-21,Bangalore,Cancelled
242,Keyboard,Electronics,36668.79,2,2023-05-02,Mumbai,Returned
243,Tablet,Electronics,107235.92,4,2023-05-23,Hyderabad,Returned
244,Monitor,Electronics,123468.95,4,2023-12-09,Bangalore,Cancelled
245,Laptop,Mobiles,120691.8,1,2023-09-06,Mumbai,Delivered
246,Monitor,Accessories,83098.89,4,2023-04-20,Kochi,Shipped
247,Laptop,Accessories,78265.4,3,2023-10-04,Chennai,Delivered
248,Phone,Mobiles,21859.96,2,2023-03-09,Delhi,Cancelled
249,Monitor,Mobiles,116414.25,2,2023-10-20,Delhi,Returned
250,Smartwatch,Accessories,41075.7,2,2023-10-23,Kochi,Shipped
251,Smartwatch,Accessories,74755.97,3,2023-08-31,Hyderabad,Delivered
252,Headphones,Accessories,42998.98,3,2023-05-05,Bangalore,Delivered
253,Keyboard,Accessories,20507.34,3,2023-08-31,Chennai,Cancelled
254,Laptop,Accessories,94618.88,3,2023-07-28,Mumbai,Shipped
255,Laptop,Electronics,8622.64,3,2023-04-08,Kochi,Returned
256,Keyboard,Mobiles,112422.46,4,2023-02-18,Chennai,Cancelled
257,Camera,Electronics,47979.23,3,2023-02-19,Chennai,Shipped
258,Headphones,Accessories,520.14,3,2023-12-04,Hyderabad,Delivered
259,Camera,Accessories,76913.81,3,2023-08-09,Mumbai,Cancelled
260,Camera,Accessories,7504.36,3,2023-07-01,Chennai,Delivered
261,Camera,Electronics,41787.35,2,2023-08-05,Hyderabad,Delivered
262,Keyboard,Electronics,106192.98,3,2023-07-30,Bangalore,Cancelled
263,Camera,Accessories,9872.1,4,2023-08-28,Hyderabad,Cancelled
264,Smartwatch,Electronics,125981.1,4,2023-01-28,Bangalore,Cancelled
265,Mouse,Electronics,1071.08,4,2023-12-11,Bangalore,Cancelled
266,Phone,Accessories,37400.17,1,2023-12-01,Chennai,Cancelled
267,Laptop,Electronics,111265.16,2,2023-11-27,Hyderabad,Delivered
268,Laptop,Mobiles,47782.39,3,2023-02-20,Bangalore,Returned
269,Phone,Mobiles,15732.91,1,2023-02-01,Mumbai,Returned
270,Keyboard,Mobiles,54354.97,3,2023-07-26,Chennai,Cancelled
271,Monitor,Mobiles,40923.8,1,2023-06-23,Hyderabad,Delivered
272,Keyboard,Accessories,126485.43,1,2023-02-25,Hyderabad,Returned
273,Laptop,Accessories,47345.51,4,2023-05-08,Delhi,Returned
274,Laptop,Accessories,118445.4,4,2023-04-09,Hyderabad,Returned
275,Phone,Mobiles,133834.89,1,2023-04-08,Chennai,Delivered
276,Camera,Mobiles,65355.7,4,2023-10-02,Mumbai,Cancelled
277,Keyboard,Electronics,136536.5,1,2023-08-18,Hyderabad,Cancelled
278,Tablet,Electronics,56909.05,2,2023-03-13,Delhi,Cancelled
279,Phone,Mobiles,144629.72,4,2023-08-05,Chennai,Shipped
280,Smartwatch,Mobiles,13848.78,4,2023-04-04,Bangalore,Shipped
281,Laptop,Mobiles,103209.38,4,2023-05-23,Kochi,Shipped
282,Phone,Mobiles,74325.2,2,2023-08-25,Kochi,Delivered
283,Keyboard,Electronics,58453.5,1,2023-05-08,Bangalore,Returned
284,Laptop,Mobiles,95090.43,3,2023-02-08,Hyderabad,Returned
285,Monitor,Electronics,105726.64,4,2023-08-15,Kochi,Delivered
286,Phone,Mobiles,1152.31,1,2023-10-09,Kochi,Delivered
287,Headphones,Mobiles,25459.49,2,2023-02-20,Bangalore,Cancelled
288,Laptop,Mobiles,107100.38,3,2023-01-26,Hyderabad,Cancelled
289,Keyboard,Electronics,100124.62,4,2023-11-30,Hyderabad,Shipped
290,Mouse,Electronics,144924.1,2,2023-10-04,Bangalore,Shipped
291,Tablet,Accessories,114275.15,2,2023-01-08,Hyderabad,Delivered
292,Camera,Mobiles,142640.52,3,2023-02-17,Hyderabad,Shipped
293,Keyboard,Accessories,105529.8,1,2023-05-02,Chennai,Returned
294,Smartwatch,Accessories,45058.81,4,2023-03-27,Chennai,Delivered
295,Smartwatch,Electronics,16252.06,4,2023-07-28,Bangalore,Delivered
296,Mouse,Electronics,117382.67,1,2023-09-06,Mumbai,Returned
297,Camera,Accessories,96800.31,1,2023-09-04,Kochi,Cancelled
298,Headphones,Mobiles,7703.81,1,2023-04-20,Chennai,Cancelled
299,Mouse,Electronics,54327.54,3,2023-07-25,Kochi,Returned
300,Mouse,Mobiles,143541.57,3,2023-01-31,Delhi,Returned
301,Laptop,Mobiles,75309.97,4,2023-03-26,Bangalore,Shipped
302,Smartwatch,Accessories,65193.01,3,2023-07-14,Mumbai,Delivered
303,Laptop,Accessories,68926.09,2,2023-01-02,Delhi,Shipped
304,Tablet,Accessories,31727.97,4,2023-07-19,Delhi,Returned
305,Camera,Accessories,55621.72,3,2023-05-16,Hyderabad,Shipped
306,Headphones,Electronics,55787.08,1,2023-08-21,Delhi,Returned
307,Headphones,Electronics,8327.08,2,2023-05-27,Bangalore,Shipped
308,Keyboard,Accessories,115251.36,1,2023-08-05,Chennai,Shipped
309,Mouse,Electronics,62767.41,4,2023-12-23,Bangalore,Cancelled
310,Tablet,Accessories,123415.89,1,2023-10-12,Chennai,Returned
311,Smartwatch,Mobiles,127627.03,3,2023-12-05,Delhi,Shipped
312,Headphones,Mobiles,32193.11,3,2023-09-07,Delhi,Delivered
313,Tablet,Mobiles,98774.35,4,2023-03-21,Mumbai,Shipped
314,Monitor,Accessories,71106.13,1,2023-04-08,Chennai,Shipped
315,Monitor,Mobiles,132083.43,4,2023-06-01,Delhi,Delivered
316,Laptop,Electronics,32753.23,1,2023-04-22,Hyderabad,Returned
317,Smartwatch,Mobiles,101833.07,2,2023-01-30,Kochi,Cancelled
318,Keyboard,Mobiles,91358.94,3,2023-10-24,Mumbai,Cancelled
319,Headphones,Mobiles,44647.57,4,2023-10-05,Bangalore,Cancelled
320,Mouse,Electronics,20921.84,2,2023-02-01,Mumbai,Delivered
321,Mouse,Accessories,97920.14,2,2023-06-10,Kochi,Shipped
322,Headphones,Electronics,110920.32,4,2023-01-30,Chennai,Returned
323,Camera,Accessories,47686.29,4,2023-01-26,Bangalore,Shipped
324,Keyboard,Accessories,96902.47,2,2023-10-27,Bangalore,Cancelled
325,Tablet,Mobiles,59572.07,1,2023-09-02,Chennai,Shipped
326,Camera,Accessories,107124.43,2,2023-09-15,Mumbai,Delivered
327,Camera,Electronics,30282.68,4,2023-09-29,Delhi,Delivered
328,Laptop,Electronics,133587.14,2,2023-03-22,Mumbai,Returned
329,Monitor,Accessories,43467.73,1,2023-01-30,Kochi,Returned
330,Camera,Mobiles,55484.01,3,2023-09-18,Hyderabad,Cancelled
331,Camera,Mobiles,9184.75,3,2023-02-11,Delhi,Returned
332,Phone,Electronics,17171.08,2,2023-04-06,Mumbai,Shipped
333,Laptop,Mobiles,77621.35,1,2023-02-05,Hyderabad,Delivered
334,Smartwatch,Accessories,40505.11,3,2023-11-01,Hyderabad,Delivered
335,Phone,Accessories,125404.29,2,2023-02-04,Chennai,Delivered
336,Phone,Electronics,2696.66,2,2023-12-12,Kochi,Returned
337,Headphones,Accessories,57174.56,1,2023-05-01,Kochi,Delivered
338,Monitor,Electronics,50933.16,4,2023-07-26,Kochi,Delivered
339,Camera,Accessories,3389.48,2,2023-03-03,Delhi,Delivered
340,Monitor,Electronics,19093.08,4,2023-10-19,Bangalore,Cancelled
341,Keyboard,Mobiles,62339.58,4,2023-05-07,Delhi,Cancelled
342,Headphones,Accessories,74183.26,3,2023-10-24,Mumbai,Returned
343,Smartwatch,Accessories,60941.32,4,2023-11-01,Hyderabad,Delivered
344,Monitor,Electronics,79875.18,1,2023-01-21,Hyderabad,Returned
345,Mouse,Electronics,89472.19,3,2023-11-14,Bangalore,Delivered
346,Keyboard,Accessories,1983.61,3,2023-02-11,Mumbai,Delivered
347,Laptop,Electronics,69882.23,3,2023-08-03,Bangalore,Delivered
348,Smartwatch,Accessories,144543.14,2,2023-12-03,Hyderabad,Returned
349,Keyboard,Mobiles,78095.33,2,2023-10-26,Delhi,Returned
350,Headphones,Electronics,101792.57,4,2023-10-17,Kochi,Delivered
351,Phone,Accessories,47123.65,3,2023-09-25,Hyderabad,Shipped
352,Phone,Mobiles,116211.71,3,2023-06-11,Chennai,Returned
353,Headphones,Mobiles,116051.76,1,2023-05-14,Kochi,Cancelled
354,Tablet,Accessories,78433.76,4,2023-04-15,Hyderabad,Returned
355,Phone,Electronics,146414.07,1,2023-12-09,Delhi,Delivered
356,Laptop,Accessories,19269.76,4,2023-06-10,Bangalore,Shipped
357,Laptop,Mobiles,3033.68,4,2023-05-03,Kochi,Delivered
358,Mouse,Accessories,115638.65,2,2023-05-16,Delhi,Cancelled
359,Camera,Electronics,121169.75,2,2023-07-22,Mumbai,Returned
360,Tablet,Mobiles,18470.98,1,2023-03-09,Chennai,Returned
361,Smartwatch,Accessories,40204.63,4,2023-12-10,Kochi,Delivered
362,Phone,Electronics,3124.08,3,2023-11-27,Bangalore,Delivered
363,Laptop,Mobiles,44349.64,2,2023-06-03,Mumbai,Cancelled
364,Headphones,Electronics,116084.71,3,2023-08-23,Delhi,Shipped
365,Phone,Mobiles,77935.1,1,2023-06-11,Chennai,Cancelled
366,Camera,Accessories,52540.29,2,2023-02-07,Bangalore,Shipped
367,Headphones,Electronics,56075.02,2,2023-01-05,Delhi,Returned
368,Keyboard,Mobiles,702.37,4,2023-08-23,Delhi,Shipped
369,Keyboard,Electronics,45320.18,1,2023-11-15,Kochi,Shipped
370,Phone,Electronics,97145.58,4,2023-10-16,Kochi,Returned
371,Camera,Accessories,146142.07,2,2023-02-21,Bangalore,Returned
372,Tablet,Electronics,127135.59,1,2023-02-07,Hyderabad,Returned
373,Phone,Mobiles,4027.45,2,2023-10-03,Hyderabad,Cancelled
374,Laptop,Mobiles,134834.81,1,2023-04-20,Delhi,Returned
375,Monitor,Mobiles,117588.16,2,2023-09-17,Kochi,Delivered
376,Phone,Mobiles,117166.23,3,2023-05-16,Chennai,Returned
377,Phone,Accessories,68970.37,3,2023-03-09,Chennai,Returned
378,Headphones,Electronics,60001.79,4,2023-06-28,Delhi,Returned
379,Monitor,Accessories,45785.9,3,2023-02-05,Kochi,Shipped
380,Laptop,Electronics,10321.38,2,2023-05-06,Bangalore,Cancelled
381,Phone,Electronics,34621.19,2,2023-07-09,Bangalore,Returned
382,Headphones,Electronics,37367.24,3,2023-05-26,Bangalore,Cancelled
383,Camera,Accessories,72869.52,4,2023-03-22,Chennai,Delivered
384,Phone,Electronics,112242.94,3,2023-08-13,Kochi,Delivered
385,Monitor,Accessories,71334.57,1,2023-10-06,Kochi,Returned
386,Mouse,Mobiles,9147.75,1,2023-12-27,Chennai,Delivered
387,Monitor,Mobiles,143689.58,1,2023-06-04,Bangalore,Cancelled
388,Keyboard,Electronics,141437.29,3,2023-11-10,Bangalore,Shipped
389,Laptop,Accessories,117885.84,3,2023-12-01,Delhi,Returned
390,Smartwatch,Mobiles,148703.52,3,2023-09-28,Hyderabad,Delivered
391,Phone,Accessories,81900.11,1,2023-01-05,Mumbai,Cancelled
392,Monitor,Accessories,144433.87,4,2023-12-08,Hyderabad,Cancelled
393,Smartwatch,Electronics,11802.95,2,2023-10-11,Kochi,Delivered
394,Headphones,Mobiles,55169.27,3,2023-06-03,Kochi,Cancelled
395,Mouse,Electronics,34194.5,4,2023-12-06,Kochi,Cancelled
396,Laptop,Electronics,29777.05,2,2023-02-23,Hyderabad,Returned
397,Monitor,Mobiles,21550.04,2,2023-03-10,Mumbai,Cancelled
398,Smartwatch,Mobiles,93550.84,2,2023-05-16,Delhi,Delivered
399,Mouse,Accessories,117307.62,4,2023-03-01,Hyderabad,Returned
400,Keyboard,Mobiles,86955.61,4,2023-02-24,Mumbai,Delivered
401,Laptop,Accessories,22470.93,1,2023-10-11,Bangalore,Shipped
402,Laptop,Accessories,121763.0,4,2023-03-21,Bangalore,Delivered
403,Keyboard,Accessories,95575.23,4,2023-05-20,Kochi,Delivered
404,Phone,Mobiles,58530.77,4,2023-05-25,Chennai,Returned
405,Keyboard,Electronics,101282.48,2,2023-11-06,Kochi,Cancelled
406,Laptop,Accessories,39355.79,3,2023-04-18,Chennai,Delivered
407,Laptop,Electronics,52106.24,1,2023-06-25,Mumbai,Returned
408,Smartwatch,Electronics,137664.13,3,2023-04-15,Bangalore,Shipped
409,Mouse,Mobiles,43930.42,3,2023-12-18,Hyderabad,Returned
410,Keyboard,Electronics,70763.25,4,2023-11-21,Chennai,Returned
411,Mouse,Electronics,133576.1,1,2023-05-16,Mumbai,Cancelled
412,Keyboard,Mobiles,106304.34,3,2023-09-16,Bangalore,Delivered
413,Headphones,Accessories,9799.38,3,2023-09-08,Hyderabad,Shipped
414,Laptop,Electronics,22521.81,1,2023-05-09,Chennai,Returned
415,Smartwatch,Mobiles,1672.32,4,2023-01-27,Kochi,Delivered
416,Mouse,Electronics,94822.81,3,2023-02-17,Kochi,Delivered
417,Keyboard,Electronics,67427.18,2,2023-11-21,Kochi,Returned
418,Tablet,Accessories,20574.09,3,2023-08-05,Mumbai,Delivered
419,Headphones,Electronics,143711.15,2,2023-05-22,Kochi,Returned
420,Monitor,Mobiles,79684.13,4,2023-01-23,Delhi,Returned
421,Phone,Electronics,36663.05,3,2023-01-02,Bangalore,Returned
422,Mouse,Accessories,75340.23,1,2023-06-20,Mumbai,Shipped
423,Smartwatch,Accessories,102103.24,1,2023-03-08,Hyderabad,Returned
424,Monitor,Mobiles,11897.76,3,2023-11-23,Kochi,Cancelled
425,Tablet,Accessories,41568.22,4,2023-05-15,Bangalore,Delivered
426,Phone,Electronics,121141.34,4,2023-03-24,Chennai,Shipped
427,Tablet,Accessories,69219.9,1,2023-08-15,Kochi,Delivered
428,Monitor,Mobiles,82213.28,3,2023-10-10,Bangalore,Shipped
429,Phone,Accessories,65205.99,4,2023-12-28,Delhi,Cancelled
430,Tablet,Accessories,7063.04,1,2023-08-07,Chennai,Shipped
431,Smartwatch,Accessories,25279.59,2,2023-10-15,Delhi,Shipped
432,Keyboard,Mobiles,67108.47,3,2023-01-05,Hyderabad,Shipped
433,Laptop,Accessories,31773.23,2,2023-02-27,Bangalore,Delivered
434,Keyboard,Accessories,7971.86,2,2023-02-08,Delhi,Returned
435,Monitor,Electronics,126625.62,4,2023-12-20,Hyderabad,Delivered
436,Mouse,Mobiles,147188.28,4,2023-03-18,Bangalore,Returned
437,Laptop,Accessories,119074.86,4,2023-10-07,Bangalore,Delivered
438,Headphones,Mobiles,128140.85,3,2023-01-19,Delhi,Cancelled
439,Smartwatch,Accessories,36675.58,2,2023-07-09,Bangalore,Cancelled
440,Headphones,Accessories,144113.73,3,2023-10-26,Kochi,Shipped
441,Phone,Accessories,29940.39,4,2023-10-10,Bangalore,Cancelled
442,Laptop,Electronics,142738.76,2,2023-03-17,Mumbai,Shipped
443,Headphones,Electronics,149225.48,3,2023-08-09,Hyderabad,Returned
444,Headphones,Electronics,106902.56,3,2023-03-07,Bangalore,Cancelled
445,Tablet,Mobiles,147180.99,1,2023-01-22,Mumbai,Returned
446,Keyboard,Mobiles,85646.2,3,2023-06-07,Bangalore,Delivered
447,Tablet,Electronics,39301.5,4,2023-07-06,Bangalore,Returned
448,Laptop,Mobiles,65830.88,3,2023-01-21,Delhi,Delivered
449,Laptop,Accessories,89237.36,2,2023-07-03,Kochi,Returned
450,Monitor,Accessories,11425.69,3,2023-04-18,Hyderabad,Returned
451,Tablet,Accessories,93540.32,1,2023-12-16,Kochi,Cancelled
452,Camera,Electronics,147186.09,2,2023-05-08,Chennai,Returned
453,Keyboard,Mobiles,28921.09,2,2023-12-08,Delhi,Cancelled
454,Laptop,Electronics,118992.97,1,2023-02-22,Delhi,Cancelled
455,Monitor,Mobiles,136230.87,4,2023-07-01,Kochi,Shipped
456,Tablet,Accessories,141583.39,2,2023-10-14,Delhi,Shipped
457,Keyboard,Electronics,144040.27,4,2023-07-28,Kochi,Delivered
458,Tablet,Mobiles,78458.22,2,2023-11-14,Delhi,Returned
459,Headphones,Mobiles,146607.53,2,2023-03-21,Bangalore,Delivered
460,Monitor,Accessories,113717.88,4,2023-05-02,Kochi,Returned
461,Keyboard,Electronics,24669.88,2,2023-03-25,Kochi,Shipped
462,Phone,Electronics,71796.57,4,2023-04-01,Mumbai,Shipped
463,Phone,Electronics,107890.51,1,2023-07-31,Delhi,Returned
464,Keyboard,Accessories,37477.38,4,2023-01-13,Delhi,Returned
465,Tablet,Electronics,96271.97,1,2023-04-02,Kochi,Shipped
466,Monitor,Accessories,100156.77,2,2023-06-20,Bangalore,Shipped
467,Phone,Accessories,24823.61,4,2023-07-30,Bangalore,Delivered
468,Monitor,Accessories,84980.25,2,2023-12-09,Hyderabad,Shipped
469,Phone,Mobiles,115858.22,4,2023-05-08,Bangalore,Returned
470,Headphones,Electronics,75084.9,1,2023-05-17,Delhi,Delivered
471,Tablet,Electronics,2309.42,1,2023-03-23,Mumbai,Returned
472,Headphones,Accessories,1851.25,4,2023-12-26,Kochi,Cancelled
473,Phone,Accessories,53875.89,1,2023-02-25,Chennai,Delivered
474,Headphones,Electronics,138966.01,2,2023-07-15,Mumbai,Returned
475,Phone,Accessories,34687.18,2,2023-01-20,Chennai,Shipped
476,Keyboard,Electronics,95337.37,3,2023-08-29,Mumbai,Cancelled
477,Headphones,Mobiles,33700.34,1,2023-04-24,Bangalore,Returned
478,Mouse,Accessories,48589.66,2,2023-04-13,Delhi,Delivered
479,Tablet,Electronics,127282.29,4,2023-08-24,Chennai,Returned
480,Laptop,Accessories,109464.79,1,2023-06-29,Mumbai,Cancelled
481,Camera,Electronics,14762.19,2,2023-06-06,Delhi,Delivered
482,Headphones,Electronics,64590.95,1,2023-04-27,Chennai,Cancelled
483,Smartwatch,Accessories,4860.88,4,2023-04-25,Kochi,Returned
484,Tablet,Mobiles,72393.08,2,2023-01-13,Mumbai,Shipped
485,Mouse,Electronics,99533.88,3,2023-12-04,Kochi,Shipped
486,Mouse,Electronics,18216.14,3,2023-04-09,Bangalore,Returned
487,Phone,Electronics,43688.3,1,2023-07-24,Kochi,Returned
488,Phone,Mobiles,59976.58,4,2023-06-18,Kochi,Returned
489,Camera,Mobiles,137969.89,2,2023-05-23,Hyderabad,Delivered
490,Keyboard,Accessories,148991.62,4,2023-02-05,Mumbai,Cancelled
491,Smartwatch,Mobiles,7214.24,2,2023-05-23,Bangalore,Cancelled
492,Laptop,Accessories,114270.68,1,2023-06-29,Kochi,Cancelled
493,Camera,Accessories,56072.75,2,2023-11-25,Delhi,Returned
494,Monitor,Mobiles,59172.5,4,2023-09-18,Chennai,Cancelled
495,Laptop,Accessories,113262.61,4,2023-07-24,Kochi,Returned
496,Headphones,Mobiles,137804.75,1,2023-12-14,Bangalore,Delivered
497,Tablet,Accessories,142663.82,4,2023-10-02,Kochi,Shipped
498,Monitor,Mobiles,86779.83,2,2023-06-19,Chennai,Returned
499,Monitor,Mobiles,53889.61,1,2023-01-15,Bangalore,Returned
500,Camera,Accessories,118238.59,2,2023-03-01,Mumbai,Shipped
501,Keyboard,Electronics,38024.71,4,2023-05-14,Bangalore,Shipped
502,Camera,Accessories,84829.07,1,2023-04-02,Mumbai,Delivered
503,Headphones,Mobiles,54107.48,2,2023-10-25,Bangalore,Cancelled
504,Keyboard,Electronics,98666.35,4,2023-05-16,Chennai,Returned
505,Headphones,Accessories,36439.64,4,2023-01-20,Chennai,Cancelled
506,Keyboard,Accessories,29143.15,3,2023-02-25,Bangalore,Returned
507,Mouse,Accessories,137776.74,4,2023-11-02,Kochi,Delivered
508,Monitor,Electronics,15719.65,2,2023-08-11,Chennai,Shipped
509,Smartwatch,Mobiles,76140.71,1,2023-06-26,Mumbai,Delivered
510,Tablet,Accessories,33517.49,3,2023-06-10,Mumbai,Shipped
511,Headphones,Accessories,6320.03,4,2023-08-12,Delhi,Cancelled
512,Laptop,Accessories,5884.81,4,2023-11-07,Hyderabad,Cancelled
513,Keyboard,Accessories,26695.65,4,2023-09-19,Hyderabad,Delivered
514,Tablet,Accessories,130082.17,2,2023-03-01,Hyderabad,Shipped
515,Laptop,Mobiles,42730.57,3,2023-07-17,Mumbai,Delivered
516,Tablet,Mobiles,142593.65,2,2023-10-23,Delhi,Shipped
517,Smartwatch,Accessories,87452.53,3,2023-04-08,Hyderabad,Shipped
518,Laptop,Electronics,65773.82,1,2023-05-11,Hyderabad,Cancelled
519,Camera,Mobiles,87223.28,2,2023-01-23,Bangalore,Cancelled
520,Phone,Electronics,77746.41,2,2023-12-29,Bangalore,Shipped
521,Camera,Mobiles,113937.05,1,2023-08-12,Bangalore,Shipped
522,Phone,Accessories,42733.16,3,2023-01-01,Kochi,Shipped
523,Camera,Mobiles,53281.03,4,2023-09-24,Hyderabad,Cancelled
524,Phone,Accessories,134167.1,1,2023-10-03,Kochi,Cancelled
525,Phone,Mobiles,141995.25,4,2023-12-18,Delhi,Returned
526,Monitor,Accessories,133937.46,4,2023-12-10,Mumbai,Shipped
527,Keyboard,Accessories,63207.48,1,2023-04-11,Hyderabad,Returned
528,Keyboard,Accessories,117164.64,3,2023-07-06,Mumbai,Shipped
529,Monitor,Accessories,71712.19,4,2023-08-09,Bangalore,Cancelled
530,Tablet,Electronics,74882.21,1,2023-02-05,Hyderabad,Returned
531,Mouse,Accessories,31099.68,2,2023-12-07,Chennai,Returned
532,Tablet,Electronics,88873.98,2,2023-06-19,Kochi,Delivered
533,Laptop,Electronics,28327.32,2,2023-11-16,Kochi,Shipped
534,Laptop,Accessories,50068.92,1,2023-06-10,Hyderabad,Cancelled
535,Phone,Electronics,128327.02,2,2023-12-06,Bangalore,Delivered
536,Camera,Mobiles,31457.83,4,2023-03-05,Kochi,Delivered
537,Camera,Accessories,11138.16,2,2023-06-03,Bangalore,Shipped
538,Keyboard,Electronics,10816.64,2,2023-09-17,Delhi,Delivered
539,Headphones,Accessories,141147.29,4,2023-06-08,Mumbai,Shipped
540,Tablet,Accessories,76284.61,2,2023-12-08,Chennai,Delivered
541,Smartwatch,Accessories,61707.1,4,2023-07-29,Mumbai,Shipped
542,Camera,Electronics,121726.35,2,2023-06-17,Mumbai,Cancelled
543,Smartwatch,Mobiles,125455.98,4,2023-07-26,Delhi,Shipped
544,Phone,Mobiles,50162.56,2,2023-12-23,Kochi,Shipped
545,Smartwatch,Electronics,104195.9,4,2023-06-01,Chennai,Returned
546,Monitor,Accessories,115782.86,1,2023-10-11,Kochi,Cancelled
547,Smartwatch,Electronics,98370.28,4,2023-03-07,Hyderabad,Cancelled
548,Mouse,Electronics,23163.46,2,2023-04-09,Mumbai,Cancelled
549,Phone,Electronics,131444.52,2,2023-08-04,Hyderabad,Delivered
550,Tablet,Accessories,81094.64,3,2023-12-07,Bangalore,Returned
551,Monitor,Electronics,42729.63,4,2023-07-14,Mumbai,Cancelled
552,Camera,Accessories,64071.61,1,2023-12-13,Kochi,Delivered
553,Laptop,Electronics,6116.88,4,2023-03-31,Mumbai,Delivered
554,Tablet,Mobiles,19616.09,4,2023-11-12,Bangalore,Delivered
555,Laptop,Electronics,114949.24,1,2023-10-19,Delhi,Returned
556,Phone,Electronics,501.74,4,2023-06-04,Hyderabad,Delivered
557,Monitor,Mobiles,62776.59,1,2023-07-27,Hyderabad,Returned
558,Keyboard,Accessories,78615.27,1,2023-10-08,Kochi,Shipped
559,Camera,Accessories,8667.85,4,2023-01-01,Mumbai,Delivered
560,Mouse,Electronics,145975.19,4,2023-06-05,Kochi,Cancelled
561,Keyboard,Mobiles,34305.74,2,2023-05-27,Delhi,Delivered
562,Phone,Accessories,45977.71,2,2023-04-18,Mumbai,Shipped
563,Tablet,Electronics,45939.41,3,2023-08-09,Mumbai,Shipped
564,Mouse,Mobiles,34947.29,3,2023-10-24,Kochi,Delivered
565,Smartwatch,Accessories,720.34,4,2023-11-07,Kochi,Shipped
566,Mouse,Accessories,109537.05,1,2023-12-02,Bangalore,Returned
567,Phone,Mobiles,145043.4,3,2023-06-14,Delhi,Returned
568,Headphones,Mobiles,34031.88,4,2023-08-27,Bangalore,Delivered
569,Smartwatch,Mobiles,99625.56,3,2023-08-15,Hyderabad,Returned
570,Laptop,Mobiles,111413.5,1,2023-08-15,Mumbai,Returned
571,Camera,Electronics,127339.59,4,2023-12-12,Kochi,Cancelled
572,Laptop,Mobiles,63683.06,1,2023-04-20,Mumbai,Delivered
573,Mouse,Accessories,45788.17,4,2023-09-19,Mumbai,Shipped
574,Laptop,Accessories,49131.62,3,2023-08-31,Chennai,Delivered
575,Phone,Electronics,107036.89,2,2023-03-28,Hyderabad,Returned
576,Tablet,Accessories,122608.53,3,2023-12-04,Chennai,Cancelled
577,Camera,Accessories,27651.29,3,2023-02-13,Mumbai,Delivered
578,Laptop,Mobiles,55955.68,2,2023-05-26,Kochi,Delivered
579,Laptop,Accessories,135340.06,2,2023-09-21,Mumbai,Returned
580,Mouse,Electronics,121100.68,4,2023-12-06,Hyderabad,Returned
581,Tablet,Mobiles,147736.33,4,2023-11-21,Chennai,Delivered
582,Keyboard,Mobiles,113260.11,1,2023-11-14,Kochi,Returned
583,Laptop,Electronics,59282.68,1,2023-06-21,Mumbai,Returned
584,Phone,Mobiles,88800.36,3,2023-02-17,Delhi,Returned
585,Headphones,Mobiles,99321.63,2,2023-05-01,Hyderabad,Returned
586,Camera,Electronics,12229.14,1,2023-12-11,Hyderabad,Returned
587,Laptop,Mobiles,81902.3,3,2023-06-08,Delhi,Cancelled
588,Phone,Electronics,106543.46,2,2023-04-26,Mumbai,Returned
589,Phone,Electronics,25514.53,4,2023-04-12,Hyderabad,Shipped
590,Camera,Accessories,117204.44,3,2023-03-17,Kochi,Delivered
591,Keyboard,Accessories,87774.03,4,2023-01-13,Mumbai,Cancelled
592,Phone,Mobiles,142857.16,1,2023-01-24,Mumbai,Cancelled
593,Headphones,Mobiles,6842.13,1,2023-05-06,Chennai,Returned
594,Phone,Electronics,40166.26,2,2023-09-01,Hyderabad,Delivered
595,Phone,Mobiles,90432.3,3,2023-11-09,Hyderabad,Shipped
596,Phone,Electronics,44835.71,4,2023-02-07,Delhi,Returned
597,Keyboard,Electronics,107306.41,2,2023-08-22,Chennai,Delivered
598,Laptop,Mobiles,113971.29,1,2023-08-01,Chennai,Returned
599,Phone,Electronics,15826.14,1,2023-11-19,Hyderabad,Returned
600,Tablet,Accessories,77321.24,3,2023-10-22,Mumbai,Returned
601,Laptop,Mobiles,76579.14,4,2023-04-10,Chennai,Returned
602,Keyboard,Accessories,55707.48,3,2023-12-23,Delhi,Returned
603,Monitor,Mobiles,139972.27,4,2023-07-16,Chennai,Returned
604,Laptop,Electronics,124212.19,4,2023-09-11,Delhi,Returned
605,Laptop,Mobiles,104732.8,3,2023-07-24,Chennai,Shipped
606,Smartwatch,Accessories,107291.83,2,2023-05-05,Delhi,Cancelled
607,Mouse,Electronics,69526.56,3,2023-03-17,Chennai,Shipped
608,Smartwatch,Mobiles,138188.68,3,2023-12-02,Chennai,Returned
609,Headphones,Mobiles,104342.02,1,2023-12-19,Kochi,Returned
610,Mouse,Mobiles,109482.67,1,2023-01-03,Delhi,Shipped
611,Camera,Accessories,129322.79,3,2023-02-24,Delhi,Shipped
612,Camera,Accessories,41473.7,3,2023-08-06,Delhi,Cancelled
613,Keyboard,Mobiles,121157.1,1,2023-04-23,Bangalore,Shipped
614,Mouse,Electronics,29688.47,4,2023-04-01,Chennai,Cancelled
615,Laptop,Electronics,52128.62,3,2023-12-23,Delhi,Returned
616,Camera,Accessories,50673.76,2,2023-09-23,Hyderabad,Delivered
617,Phone,Electronics,146789.56,2,2023-08-26,Bangalore,Delivered
618,Tablet,Accessories,128552.31,2,2023-01-26,Kochi,Delivered
619,Laptop,Mobiles,105324.89,3,2023-10-13,Delhi,Delivered
620,Headphones,Accessories,109194.99,4,2023-05-08,Delhi,Returned
621,Phone,Accessories,84529.88,4,2023-03-04,Bangalore,Delivered
622,Phone,Mobiles,142090.05,1,2023-08-22,Chennai,Shipped
623,Mouse,Electronics,74690.68,3,2023-03-10,Hyderabad,Shipped
624,Keyboard,Accessories,57387.4,4,2023-08-26,Kochi,Delivered
625,Headphones,Accessories,24873.78,3,2023-12-08,Delhi,Shipped
626,Camera,Mobiles,118037.75,1,2023-09-29,Chennai,Cancelled
627,Mouse,Electronics,110299.37,1,2023-10-14,Hyderabad,Returned
628,Camera,Accessories,57961.08,1,2023-11-01,Hyderabad,Delivered
629,Mouse,Mobiles,4266.42,2,2023-06-12,Kochi,Delivered
630,Mouse,Accessories,125930.1,3,2023-08-15,Mumbai,Returned
631,Mouse,Mobiles,2206.99,1,2023-11-10,Hyderabad,Shipped
632,Keyboard,Electronics,105703.12,3,2023-09-16,Mumbai,Returned
633,Mouse,Electronics,145553.44,2,2023-08-07,Hyderabad,Returned
634,Monitor,Electronics,65930.37,2,2023-10-08,Kochi,Shipped
635,Tablet,Electronics,35628.52,1,2023-08-17,Bangalore,Returned
636,Camera,Accessories,105878.22,1,2023-03-23,Kochi,Shipped
637,Laptop,Accessories,122660.66,4,2023-09-01,Kochi,Shipped
638,Smartwatch,Electronics,82191.33,3,2023-08-19,Bangalore,Returned
639,Headphones,Electronics,145071.77,1,2023-05-13,Bangalore,Cancelled
640,Keyboard,Electronics,8224.47,4,2023-05-07,Chennai,Shipped
641,Laptop,Accessories,75966.94,3,2023-11-23,Hyderabad,Returned
642,Phone,Electronics,107908.87,1,2023-05-22,Chennai,Shipped
643,Monitor,Electronics,129464.75,4,2023-09-24,Bangalore,Cancelled
644,Smartwatch,Electronics,27298.71,4,2023-09-06,Mumbai,Cancelled
645,Laptop,Mobiles,120100.52,3,2023-11-17,Mumbai,Delivered
646,Laptop,Electronics,83129.71,4,2023-05-03,Kochi,Shipped
647,Monitor,Mobiles,59784.78,3,2023-05-21,Delhi,Shipped
648,Smartwatch,Mobiles,20191.4,3,2023-08-14,Kochi,Returned
649,Phone,Electronics,129861.72,3,2023-02-09,Kochi,Shipped
650,Mouse,Mobiles,24012.34,2,2024-01-01,Delhi,Delivered
651,Camera,Electronics,46813.28,4,2023-05-27,Hyderabad,Cancelled
652,Phone,Accessories,43861.81,3,2023-05-01,Bangalore,Cancelled
653,Mouse,Accessories,130776.4,1,2023-05-20,Mumbai,Delivered
654,Keyboard,Accessories,101069.1,2,2023-06-21,Kochi,Shipped
655,Tablet,Accessories,119603.87,2,2023-06-13,Delhi,Shipped
656,Headphones,Mobiles,37944.95,4,2023-10-04,Chennai,Delivered
657,Headphones,Electronics,93918.68,3,2023-02-11,Kochi,Returned
658,Camera,Electronics,85976.02,4,2023-03-12,Mumbai,Cancelled
659,Smartwatch,Electronics,125008.14,2,2023-03-19,Bangalore,Delivered
660,Monitor,Accessories,135960.02,3,2023-04-29,Kochi,Delivered
661,Smartwatch,Accessories,2317.44,1,2023-07-16,Kochi,Shipped
662,Monitor,Electronics,101265.98,3,2023-12-22,Hyderabad,Cancelled
663,Smartwatch,Accessories,8249.45,2,2023-03-20,Delhi,Shipped
664,Tablet,Electronics,82554.37,1,2023-12-28,Chennai,Delivered
665,Keyboard,Electronics,43501.09,3,2023-04-20,Chennai,Returned
666,Keyboard,Electronics,46363.1,1,2023-02-02,Bangalore,Cancelled
667,Mouse,Electronics,53267.3,1,2023-08-01,Mumbai,Delivered
668,Keyboard,Electronics,93383.22,2,2023-07-28,Bangalore,Delivered
669,Keyboard,Electronics,50440.47,1,2023-06-19,Kochi,Returned
670,Phone,Electronics,110038.51,4,2023-10-05,Kochi,Delivered
671,Phone,Accessories,60976.84,2,2023-08-27,Chennai,Delivered
672,Mouse,Electronics,10718.8,4,2023-08-01,Mumbai,Cancelled
673,Camera,Electronics,117672.1,1,2023-02-01,Delhi,Cancelled
674,Phone,Accessories,43220.87,4,2023-04-16,Mumbai,Cancelled
675,Camera,Accessories,65198.65,3,2023-08-04,Kochi,Shipped
676,Laptop,Accessories,102973.86,1,2023-07-19,Delhi,Returned
677,Phone,Electronics,50202.2,3,2023-10-27,Mumbai,Cancelled
678,Tablet,Mobiles,8959.56,4,2023-12-23,Mumbai,Shipped
679,Mouse,Mobiles,56401.2,3,2023-01-11,Delhi,Shipped
680,Laptop,Accessories,141695.06,1,2023-10-22,Kochi,Returned
681,Tablet,Mobiles,96439.29,3,2023-07-14,Mumbai,Returned
682,Tablet,Accessories,100886.13,4,2023-09-02,Delhi,Delivered
683,Tablet,Electronics,95026.18,4,2023-01-04,Hyderabad,Shipped
684,Camera,Mobiles,30249.32,4,2023-06-30,Hyderabad,Cancelled
685,Smartwatch,Electronics,63040.91,1,2023-06-02,Kochi,Returned
686,Laptop,Mobiles,112765.5,4,2023-07-19,Delhi,Shipped
687,Monitor,Electronics,15655.25,1,2023-08-03,Hyderabad,Cancelled
688,Laptop,Mobiles,42038.99,3,2023-10-03,Delhi,Shipped
689,Smartwatch,Electronics,41809.71,4,2023-10-07,Mumbai,Returned
690,Laptop,Electronics,65086.83,3,2023-11-05,Kochi,Delivered
691,Keyboard,Mobiles,147065.13,2,2023-04-23,Hyderabad,Shipped
692,Monitor,Electronics,10591.63,3,2023-09-07,Mumbai,Cancelled
693,Smartwatch,Electronics,78045.8,2,2023-04-23,Bangalore,Returned
694,Camera,Electronics,27315.02,3,2023-05-20,Bangalore,Delivered
695,Headphones,Mobiles,145616.14,1,2023-08-12,Kochi,Cancelled
696,Smartwatch,Mobiles,17438.87,3,2023-09-06,Hyderabad,Cancelled
697,Mouse,Electronics,60838.35,1,2023-01-15,Hyderabad,Cancelled
698,Smartwatch,Electronics,110813.81,1,2023-07-19,Hyderabad,Shipped
699,Keyboard,Mobiles,105830.89,4,2023-06-22,Delhi,Returned
700,Headphones,Mobiles,63697.93,1,2023-12-09,Mumbai,Cancelled
701,Keyboard,Electronics,52305.36,2,2023-12-14,Hyderabad,Shipped
702,Headphones,Electronics,59943.05,4,2023-07-27,Mumbai,Returned
703,Mouse,Electronics,40009.3,4,2023-03-26,Kochi,Returned
704,Camera,Accessories,31197.27,3,2023-08-28,Hyderabad,Shipped
705,Keyboard,Mobiles,72714.43,1,2023-03-07,Kochi,Shipped
706,Keyboard,Accessories,40645.8,1,2023-11-15,Hyderabad,Cancelled
707,Tablet,Mobiles,43475.52,2,2023-10-01,Bangalore,Returned
708,Headphones,Mobiles,98685.03,3,2023-01-14,Chennai,Delivered
709,Phone,Mobiles,145296.33,3,2023-07-21,Kochi,Shipped
710,Headphones,Mobiles,90743.76,4,2023-10-31,Hyderabad,Returned
711,Tablet,Mobiles,12008.43,4,2023-10-16,Chennai,Returned
712,Laptop,Mobiles,11799.75,4,2023-12-06,Kochi,Cancelled
713,Headphones,Mobiles,142737.77,2,2023-01-14,Delhi,Delivered
714,Camera,Accessories,44944.97,2,2023-02-12,Hyderabad,Cancelled
715,Tablet,Electronics,14264.01,4,2023-11-26,Delhi,Delivered
716,Laptop,Electronics,90057.17,3,2023-08-08,Bangalore,Delivered
717,Monitor,Accessories,93735.49,2,2023-03-11,Hyderabad,Shipped
718,Tablet,Accessories,97451.47,3,2023-08-25,Bangalore,Returned
719,Monitor,Accessories,40476.6,3,2023-04-04,Chennai,Returned
720,Keyboard,Accessories,2759.05,1,2023-01-26,Kochi,Returned
721,Tablet,Mobiles,144769.8,4,2023-05-14,Mumbai,Delivered
722,Mouse,Electronics,38008.51,1,2023-07-14,Bangalore,Returned
723,Monitor,Mobiles,101565.93,4,2023-06-17,Mumbai,Shipped
724,Camera,Electronics,106141.17,4,2023-04-19,Mumbai,Delivered
725,Mouse,Electronics,91696.11,3,2023-08-21,Kochi,Delivered
726,Smartwatch,Accessories,47279.66,4,2023-06-17,Chennai,Delivered
727,Smartwatch,Mobiles,41028.89,3,2023-06-22,Kochi,Delivered
728,Laptop,Accessories,89851.41,3,2023-07-14,Hyderabad,Shipped
729,Keyboard,Mobiles,129981.3,4,2023-05-23,Bangalore,Returned
730,Tablet,Electronics,142036.69,3,2023-08-04,Mumbai,Shipped
731,Phone,Accessories,16332.92,3,2023-05-10,Kochi,Returned
732,Camera,Accessories,23646.88,3,2023-02-11,Kochi,Shipped
733,Monitor,Electronics,141738.07,2,2023-08-29,Kochi,Cancelled
734,Mouse,Electronics,110612.02,3,2023-01-10,Bangalore,Cancelled
735,Smartwatch,Electronics,132507.58,2,2023-10-04,Chennai,Cancelled
736,Camera,Accessories,30793.58,2,2023-01-27,Kochi,Cancelled
737,Phone,Mobiles,88344.09,3,2023-06-29,Bangalore,Delivered
738,Tablet,Accessories,105320.37,3,2023-04-25,Mumbai,Delivered
739,Laptop,Mobiles,102176.73,2,2023-11-29,Hyderabad,Shipped
740,Phone,Accessories,61518.68,2,2023-02-05,Delhi,Shipped
741,Camera,Accessories,2801.54,3,2023-11-30,Bangalore,Cancelled
742,Phone,Electronics,87647.45,3,2023-01-21,Delhi,Returned
743,Camera,Mobiles,38338.68,4,2023-01-16,Kochi,Cancelled
744,Camera,Accessories,67813.01,2,2023-05-07,Kochi,Shipped
745,Headphones,Accessories,143658.36,2,2023-04-13,Bangalore,Cancelled
746,Monitor,Electronics,60155.78,4,2023-01-11,Delhi,Shipped
747,Smartwatch,Electronics,126050.34,2,2023-11-15,Kochi,Cancelled
748,Headphones,Mobiles,28686.82,1,2023-03-20,Mumbai,Returned
749,Tablet,Accessories,101032.84,2,2023-05-03,Chennai,Cancelled
750,Headphones,Mobiles,146562.54,4,2023-03-06,Chennai,Returned
751,Keyboard,Accessories,15733.02,1,2023-08-31,Kochi,Returned
752,Keyboard,Mobiles,1743.83,3,2023-12-09,Delhi,Shipped
753,Smartwatch,Electronics,65320.63,4,2023-02-28,Hyderabad,Returned
754,Phone,Accessories,14347.51,4,2023-10-16,Kochi,Delivered
755,Monitor,Mobiles,112383.46,3,2023-04-22,Hyderabad,Delivered
756,Smartwatch,Electronics,137225.03,4,2023-08-27,Hyderabad,Delivered
757,Camera,Electronics,65386.14,2,2023-12-25,Delhi,Shipped
758,Mouse,Mobiles,39177.39,3,2023-05-12,Hyderabad,Delivered
759,Monitor,Accessories,65443.3,4,2023-07-08,Mumbai,Shipped
760,Monitor,Accessories,108655.45,3,2023-03-27,Delhi,Shipped
761,Camera,Electronics,1853.6,3,2023-11-07,Kochi,Delivered
762,Camera,Accessories,88623.37,3,2023-11-07,Mumbai,Returned
763,Laptop,Accessories,92187.11,1,2023-02-28,Bangalore,Cancelled
764,Smartwatch,Accessories,95834.39,4,2023-03-25,Chennai,Shipped
765,Camera,Electronics,36682.3,1,2023-06-09,Kochi,Delivered
766,Keyboard,Mobiles,107250.88,4,2023-02-25,Kochi,Shipped
767,Tablet,Accessories,14163.03,2,2023-10-24,Kochi,Returned
768,Mouse,Electronics,30290.92,2,2023-01-14,Mumbai,Returned
769,Smartwatch,Electronics,131681.77,2,2023-06-09,Bangalore,Delivered
770,Keyboard,Mobiles,110939.11,4,2023-10-22,Delhi,Shipped
771,Phone,Accessories,2554.96,3,2023-12-13,Bangalore,Cancelled
772,Camera,Accessories,37632.25,3,2023-07-12,Mumbai,Cancelled
773,Camera,Mobiles,32553.77,1,2023-07-23,Kochi,Shipped
774,Monitor,Mobiles,40985.55,1,2023-04-12,Chennai,Shipped
775,Keyboard,Electronics,37510.19,2,2023-02-08,Kochi,Shipped
776,Monitor,Electronics,9847.68,1,2023-10-31,Delhi,Delivered
777,Laptop,Mobiles,69111.61,4,2023-12-20,Hyderabad,Returned
778,Monitor,Accessories,110043.65,4,2023-11-18,Chennai,Cancelled
779,Laptop,Electronics,91206.39,1,2023-05-05,Kochi,Delivered
780,Laptop,Electronics,101094.31,1,2023-02-22,Chennai,Shipped
781,Camera,Accessories,12631.8,1,2023-12-23,Hyderabad,Shipped
782,Phone,Electronics,142747.86,1,2023-06-04,Bangalore,Returned
783,Monitor,Accessories,125854.53,2,2023-12-17,Mumbai,Shipped
784,Keyboard,Accessories,120861.0,2,2023-11-04,Kochi,Delivered
785,Laptop,Accessories,123536.08,1,2023-03-03,Delhi,Delivered
786,Camera,Mobiles,139940.22,4,2023-10-17,Bangalore,Returned
787,Mouse,Mobiles,81865.97,2,2023-01-22,Kochi,Delivered
788,Smartwatch,Mobiles,30442.16,4,2023-06-27,Bangalore,Cancelled
789,Phone,Accessories,92709.15,3,2023-09-30,Delhi,Delivered
790,Headphones,Accessories,111560.78,4,2023-08-08,Kochi,Delivered
791,Mouse,Mobiles,110818.65,1,2023-12-05,Hyderabad,Delivered
792,Smartwatch,Electronics,78456.63,3,2023-07-09,Hyderabad,Cancelled
793,Mouse,Accessories,10734.58,2,2023-02-05,Delhi,Shipped
794,Monitor,Electronics,55981.38,2,2023-09-17,Chennai,Delivered
795,Laptop,Electronics,138154.61,3,2023-11-28,Delhi,Returned
796,Phone,Accessories,87875.11,4,2023-06-24,Chennai,Cancelled
797,Tablet,Accessories,80980.63,2,2023-01-07,Kochi,Returned
798,Laptop,Electronics,40693.6,1,2023-08-04,Chennai,Delivered
799,Tablet,Electronics,55583.11,3,2023-09-08,Kochi,Returned
800,Smartwatch,Mobiles,134354.24,1,2023-02-24,Kochi,Delivered
801,Camera,Mobiles,100136.23,3,2023-08-10,Mumbai,Cancelled
802,Headphones,Accessories,118214.36,2,2023-07-05,Kochi,Returned
803,Keyboard,Mobiles,68424.64,4,2023-11-22,Chennai,Returned
804,Laptop,Mobiles,94721.96,3,2023-08-24,Mumbai,Delivered
805,Phone,Mobiles,37633.35,3,2023-12-29,Mumbai,Delivered
806,Mouse,Mobiles,105966.39,1,2023-03-20,Kochi,Shipped
807,Phone,Electronics,64426.4,2,2023-08-11,Delhi,Delivered
808,Smartwatch,Accessories,66660.55,1,2023-04-01,Delhi,Delivered
809,Tablet,Mobiles,97573.69,2,2023-09-25,Hyderabad,Shipped
810,Mouse,Electronics,140473.95,1,2023-11-30,Mumbai,Delivered
811,Keyboard,Electronics,10068.95,3,2023-05-19,Kochi,Delivered
812,Keyboard,Electronics,123799.11,1,2023-11-12,Delhi,Shipped
813,Laptop,Mobiles,44211.28,4,2023-10-03,Kochi,Cancelled
814,Smartwatch,Mobiles,66865.96,2,2023-09-05,Kochi,Cancelled
815,Camera,Accessories,3776.04,2,2023-08-27,Mumbai,Delivered
816,Smartwatch,Mobiles,45506.39,3,2023-08-12,Hyderabad,Delivered
817,Tablet,Mobiles,75643.37,2,2023-10-31,Mumbai,Shipped
818,Phone,Electronics,8898.32,4,2023-05-18,Bangalore,Shipped
819,Keyboard,Accessories,73918.81,1,2023-06-15,Delhi,Cancelled
820,Phone,Mobiles,139103.04,3,2023-05-06,Delhi,Returned
821,Phone,Mobiles,16256.29,4,2023-02-14,Delhi,Delivered
822,Phone,Electronics,114783.89,2,2023-05-23,Chennai,Returned
823,Keyboard,Electronics,61745.82,2,2023-08-19,Kochi,Returned
824,Monitor,Mobiles,98448.47,4,2023-05-05,Mumbai,Shipped
825,Tablet,Accessories,39405.37,1,2023-08-26,Delhi,Delivered
826,Tablet,Accessories,24344.09,1,2023-10-19,Bangalore,Delivered
827,Mouse,Electronics,24489.16,3,2023-11-09,Delhi,Shipped
828,Smartwatch,Electronics,11038.55,2,2023-12-09,Hyderabad,Returned
829,Smartwatch,Mobiles,28254.18,4,2023-07-14,Kochi,Shipped
830,Headphones,Electronics,99800.8,1,2023-06-22,Kochi,Cancelled
831,Smartwatch,Mobiles,132312.75,3,2023-01-15,Mumbai,Delivered
832,Keyboard,Accessories,122211.79,2,2023-09-11,Chennai,Cancelled
833,Camera,Accessories,102927.58,2,2023-06-16,Mumbai,Shipped
834,Laptop,Mobiles,17009.56,3,2023-04-04,Delhi,Delivered
835,Headphones,Electronics,43733.52,3,2023-09-07,Hyderabad,Cancelled
836,Laptop,Accessories,46816.13,1,2023-04-19,Bangalore,Cancelled
837,Tablet,Electronics,37868.56,4,2023-07-01,Mumbai,Returned
838,Laptop,Accessories,77493.35,2,2023-05-13,Chennai,Delivered
839,Laptop,Mobiles,80565.3,4,2023-06-24,Mumbai,Cancelled
840,Headphones,Mobiles,53854.45,2,2023-05-24,Kochi,Cancelled
841,Mouse,Mobiles,53391.48,2,2023-11-02,Delhi,Returned
842,Phone,Accessories,124369.06,4,2023-12-26,Delhi,Cancelled
843,Smartwatch,Electronics,118499.28,3,2023-05-22,Delhi,Cancelled
844,Smartwatch,Electronics,46515.48,1,2023-10-12,Delhi,Cancelled
845,Keyboard,Electronics,137111.37,2,2023-01-06,Delhi,Returned
846,Headphones,Accessories,142945.85,3,2023-09-22,Delhi,Cancelled
847,Keyboard,Accessories,49348.01,2,2023-04-08,Bangalore,Cancelled
848,Camera,Accessories,53486.53,1,2023-02-13,Chennai,Delivered
849,Camera,Accessories,76092.31,2,2023-05-04,Delhi,Delivered
850,Keyboard,Accessories,141197.56,1,2023-07-28,Chennai,Returned
851,Headphones,Electronics,131509.76,1,2023-09-08,Hyderabad,Shipped
852,Keyboard,Accessories,15833.91,2,2023-10-12,Delhi,Delivered
853,Smartwatch,Accessories,59213.25,2,2023-05-04,Mumbai,Returned
854,Monitor,Electronics,83228.99,1,2023-12-20,Delhi,Cancelled
855,Laptop,Accessories,75718.3,3,2023-09-01,Kochi,Cancelled
856,Monitor,Electronics,29482.53,4,2023-11-27,Bangalore,Returned
857,Headphones,Electronics,128893.11,1,2023-12-31,Mumbai,Cancelled
858,Monitor,Mobiles,101702.65,2,2023-09-09,Mumbai,Cancelled
859,Camera,Mobiles,125767.3,2,2023-08-18,Kochi,Shipped
860,Tablet,Mobiles,128885.26,3,2023-01-09,Delhi,Cancelled
861,Laptop,Mobiles,112379.2,4,2023-02-17,Bangalore,Delivered
862,Phone,Accessories,66161.98,1,2023-05-31,Mumbai,Cancelled
863,Headphones,Mobiles,91776.74,1,2023-04-24,Bangalore,Returned
864,Laptop,Electronics,24474.63,4,2023-07-27,Mumbai,Shipped
865,Monitor,Accessories,101209.99,1,2023-12-21,Delhi,Cancelled
866,Camera,Mobiles,27298.36,4,2023-05-05,Hyderabad,Returned
867,Mouse,Electronics,104245.46,2,2023-06-06,Mumbai,Delivered
868,Phone,Accessories,34824.93,4,2023-12-06,Hyderabad,Cancelled
869,Laptop,Accessories,18073.92,1,2023-10-25,Mumbai,Shipped
870,Camera,Mobiles,25210.03,4,2023-07-08,Chennai,Cancelled
871,Camera,Accessories,797.82,3,2023-08-31,Delhi,Returned
872,Monitor,Electronics,107951.57,2,2023-10-11,Kochi,Shipped
873,Smartwatch,Accessories,109993.96,2,2023-09-29,Hyderabad,Cancelled
874,Monitor,Electronics,77482.54,4,2023-06-26,Kochi,Delivered
875,Smartwatch,Accessories,24623.74,1,2023-08-06,Delhi,Shipped
876,Smartwatch,Mobiles,12991.37,3,2023-10-09,Kochi,Delivered
877,Phone,Electronics,3359.78,2,2023-06-19,Delhi,Returned
878,Monitor,Accessories,25279.35,2,2023-06-30,Kochi,Cancelled
879,Mouse,Accessories,133682.9,1,2023-12-26,Hyderabad,Delivered
880,Keyboard,Accessories,36609.76,1,2023-08-21,Chennai,Returned
881,Keyboard,Electronics,53463.56,3,2023-05-19,Kochi,Cancelled
882,Monitor,Electronics,16249.15,4,2023-06-06,Hyderabad,Returned
883,Monitor,Electronics,33743.02,1,2023-05-09,Mumbai,Delivered
884,Phone,Mobiles,78124.07,4,2023-04-29,Delhi,Returned
885,Monitor,Mobiles,91359.03,3,2023-03-03,Bangalore,Shipped
886,Smartwatch,Electronics,37180.17,4,2023-04-09,Bangalore,Cancelled
887,Camera,Accessories,9130.96,2,2023-06-11,Delhi,Returned
888,Camera,Mobiles,58959.41,4,2023-03-03,Chennai,Delivered
889,Smartwatch,Electronics,35513.4,3,2023-10-02,Kochi,Cancelled
890,Headphones,Accessories,33323.31,3,2023-12-20,Chennai,Shipped
891,Smartwatch,Mobiles,143999.49,3,2023-04-05,Bangalore,Cancelled
892,Mouse,Accessories,92636.92,4,2023-04-09,Hyderabad,Shipped
893,Tablet,Accessories,83753.33,2,2023-04-21,Delhi,Cancelled
894,Laptop,Accessories,62658.38,1,2023-09-05,Delhi,Returned
895,Smartwatch,Accessories,64627.18,2,2023-05-22,Chennai,Returned
896,Monitor,Mobiles,81365.3,4,2023-10-29,Hyderabad,Delivered
897,Monitor,Mobiles,104616.26,4,2023-09-26,Chennai,Shipped
898,Phone,Mobiles,105470.84,1,2023-11-02,Kochi,Delivered
899,Smartwatch,Electronics,26168.24,4,2023-05-25,Mumbai,Returned
900,Phone,Mobiles,75266.86,3,2023-02-21,Hyderabad,Shipped
901,Smartwatch,Accessories,62087.74,3,2023-04-10,Mumbai,Delivered
902,Laptop,Mobiles,130643.78,3,2023-06-01,Kochi,Delivered
903,Tablet,Accessories,94897.13,3,2023-04-27,Mumbai,Delivered
904,Camera,Electronics,80109.36,3,2023-07-04,Bangalore,Delivered
905,Keyboard,Accessories,17751.5,4,2023-04-02,Mumbai,Delivered
906,Smartwatch,Accessories,91042.86,1,2023-06-04,Kochi,Shipped
907,Tablet,Accessories,18021.98,1,2023-01-08,Mumbai,Delivered
908,Camera,Electronics,50912.38,3,2023-12-29,Delhi,Shipped
909,Headphones,Mobiles,21854.87,4,2023-10-01,Chennai,Delivered
910,Laptop,Mobiles,103965.01,2,2023-03-06,Bangalore,Returned
911,Phone,Electronics,31334.69,2,2023-05-21,Delhi,Returned
912,Phone,Accessories,59082.98,4,2023-01-24,Delhi,Delivered
913,Monitor,Mobiles,134403.38,3,2023-01-28,Kochi,Cancelled
914,Camera,Electronics,31045.3,1,2023-10-11,Chennai,Returned
915,Headphones,Mobiles,76416.86,4,2023-05-30,Chennai,Shipped
916,Tablet,Electronics,63181.11,2,2023-12-24,Hyderabad,Delivered
917,Laptop,Accessories,3209.54,2,2023-03-06,Bangalore,Shipped
918,Camera,Mobiles,119017.34,2,2023-11-23,Kochi,Cancelled
919,Headphones,Electronics,10822.36,3,2023-09-09,Bangalore,Delivered
920,Keyboard,Mobiles,71401.13,2,2023-02-22,Hyderabad,Returned
921,Smartwatch,Mobiles,84321.41,4,2023-01-07,Mumbai,Shipped
922,Phone,Mobiles,94449.76,4,2023-10-21,Delhi,Returned
923,Tablet,Mobiles,103450.43,2,2023-05-26,Bangalore,Returned
924,Phone,Electronics,38364.22,4,2023-08-29,Delhi,Delivered
925,Tablet,Accessories,1991.83,2,2023-09-03,Kochi,Shipped
926,Monitor,Electronics,108654.83,2,2023-08-14,Mumbai,Cancelled
927,Tablet,Electronics,80580.66,1,2023-06-24,Kochi,Returned
928,Phone,Electronics,125499.6,3,2023-04-05,Mumbai,Delivered
929,Tablet,Accessories,123297.56,3,2023-01-27,Mumbai,Delivered
930,Keyboard,Mobiles,126577.26,1,2023-05-10,Delhi,Cancelled
931,Monitor,Mobiles,73021.65,1,2023-09-02,Kochi,Delivered
932,Tablet,Mobiles,50377.45,3,2023-02-28,Kochi,Returned
933,Camera,Accessories,118837.95,2,2023-02-03,Bangalore,Delivered
934,Mouse,Mobiles,67968.47,2,2023-07-25,Kochi,Shipped
935,Headphones,Accessories,27924.61,3,2023-09-09,Bangalore,Shipped
936,Mouse,Mobiles,128318.62,2,2023-02-07,Chennai,Returned
937,Mouse,Mobiles,132442.7,1,2023-10-23,Chennai,Shipped
938,Laptop,Electronics,70213.31,2,2023-11-19,Chennai,Cancelled
939,Keyboard,Accessories,11817.11,2,2023-12-18,Hyderabad,Delivered
940,Camera,Electronics,58480.0,4,2023-01-28,Kochi,Returned
941,Smartwatch,Electronics,120628.88,4,2023-03-19,Hyderabad,Cancelled
942,Tablet,Electronics,135315.22,4,2023-03-18,Kochi,Delivered
943,Headphones,Accessories,30919.18,2,2023-10-16,Bangalore,Cancelled
944,Monitor,Accessories,10512.55,3,2023-06-05,Hyderabad,Returned
945,Camera,Mobiles,131663.89,1,2023-02-13,Hyderabad,Returned
946,Phone,Electronics,58716.04,2,2023-05-08,Hyderabad,Cancelled
947,Smartwatch,Mobiles,81493.26,3,2023-03-02,Mumbai,Delivered
948,Laptop,Electronics,145225.84,2,2023-10-13,Bangalore,Shipped
949,Laptop,Accessories,10451.43,1,2023-08-02,Chennai,Shipped
950,Camera,Accessories,97423.54,2,2023-11-07,Bangalore,Cancelled
951,Mouse,Accessories,11578.76,1,2023-11-02,Mumbai,Returned
952,Phone,Electronics,56632.6,2,2023-11-13,Kochi,Delivered
953,Laptop,Accessories,120670.27,1,2023-04-26,Bangalore,Delivered
954,Headphones,Electronics,65304.1,2,2023-09-25,Hyderabad,Returned
955,Laptop,Mobiles,149578.76,1,2023-07-14,Chennai,Shipped
956,Monitor,Electronics,84079.36,4,2023-08-19,Chennai,Delivered
957,Tablet,Mobiles,48513.74,2,2023-08-15,Kochi,Cancelled
958,Laptop,Electronics,33406.64,2,2023-06-02,Bangalore,Shipped
959,Monitor,Mobiles,52902.82,3,2023-10-29,Mumbai,Cancelled
960,Camera,Accessories,56193.72,3,2023-08-08,Kochi,Shipped
961,Camera,Mobiles,10772.69,1,2023-06-06,Bangalore,Returned
962,Smartwatch,Accessories,55751.34,2,2023-10-19,Delhi,Cancelled
963,Laptop,Accessories,69903.66,1,2023-11-14,Chennai,Cancelled
964,Headphones,Mobiles,108549.29,4,2023-01-31,Mumbai,Returned
965,Laptop,Electronics,98681.06,3,2023-11-09,Hyderabad,Cancelled
966,Headphones,Electronics,106460.47,1,2023-02-20,Mumbai,Shipped
967,Keyboard,Electronics,1750.37,1,2023-04-17,Hyderabad,Delivered
968,Smartwatch,Electronics,33041.28,3,2023-11-17,Mumbai,Delivered
969,Keyboard,Electronics,99421.8,2,2023-04-19,Chennai,Returned
970,Laptop,Accessories,72856.41,1,2023-05-16,Hyderabad,Shipped
971,Smartwatch,Electronics,1294.36,3,2023-12-05,Bangalore,Cancelled
972,Keyboard,Accessories,120771.95,2,2023-02-11,Hyderabad,Cancelled
973,Mouse,Accessories,116035.03,4,2023-03-22,Kochi,Delivered
974,Laptop,Accessories,82488.66,3,2023-05-03,Bangalore,Cancelled
975,Keyboard,Mobiles,10436.27,1,2023-03-30,Kochi,Delivered
976,Mouse,Mobiles,115094.0,4,2023-10-10,Mumbai,Returned
977,Mouse,Accessories,87765.18,2,2023-02-08,Bangalore,Cancelled
978,Camera,Mobiles,117403.02,2,2023-03-22,Mumbai,Shipped
979,Laptop,Electronics,112886.18,3,2023-01-02,Delhi,Cancelled
980,Mouse,Electronics,120548.81,3,2023-07-29,Mumbai,Delivered
981,Camera,Accessories,77942.21,3,2023-08-19,Mumbai,Returned
982,Keyboard,Electronics,21478.52,2,2023-12-19,Kochi,Delivered
983,Monitor,Accessories,100838.04,4,2023-11-01,Hyderabad,Cancelled
984,Laptop,Accessories,93260.83,2,2023-08-29,Delhi,Delivered
985,Smartwatch,Electronics,111466.85,1,2023-05-30,Mumbai,Delivered
986,Headphones,Mobiles,25897.21,2,2023-01-17,Mumbai,Returned
987,Headphones,Electronics,29648.79,1,2023-04-29,Delhi,Shipped
988,Keyboard,Electronics,133616.22,4,2023-05-28,Delhi,Cancelled
989,Keyboard,Accessories,112621.68,3,2023-12-28,Bangalore,Returned
990,Mouse,Accessories,136280.16,3,2023-05-25,Kochi,Shipped
991,Laptop,Accessories,113927.94,2,2023-12-26,Delhi,Delivered
992,Headphones,Accessories,89774.72,3,2023-08-21,Delhi,Shipped
993,Headphones,Mobiles,98292.84,4,2023-02-06,Chennai,Delivered
994,Mouse,Mobiles,133424.62,3,2023-12-18,Hyderabad,Delivered
995,Headphones,Mobiles,87031.61,2,2023-04-30,Delhi,Returned
996,Smartwatch,Accessories,95042.5,4,2023-05-16,Kochi,Delivered
997,Laptop,Accessories,23893.27,1,2023-11-17,Hyderabad,Returned
998,Tablet,Accessories,71351.22,2,2023-10-29,Hyderabad,Shipped
999,Headphones,Mobiles,107601.37,1,2023-12-05,Mumbai,Shipped
1000,Keyboard,Accessories,41005.93,4,2023-04-12,Mumbai,Delivered
1001,Smartwatch,Electronics,30737.0,2,2023-08-06,Mumbai,Returned
1002,Headphones,Electronics,47417.11,2,2023-02-28,Mumbai,Delivered
1003,Smartwatch,Accessories,36604.34,4,2023-10-06,Chennai,Returned
1004,Camera,Electronics,32629.44,3,2023-04-26,Delhi,Returned
1005,Tablet,Electronics,64015.2,2,2023-11-28,Mumbai,Returned
1006,Phone,Mobiles,136221.86,2,2023-03-18,Bangalore,Shipped
1007,Keyboard,Accessories,76305.42,1,2023-05-17,Mumbai,Returned
1008,Keyboard,Accessories,28594.1,3,2023-03-14,Delhi,Shipped
1009,Laptop,Mobiles,12007.26,1,2023-02-06,Mumbai,Returned
1010,Smartwatch,Electronics,104575.34,1,2023-01-31,Chennai,Shipped
1011,Mouse,Electronics,57728.42,3,2023-03-26,Kochi,Cancelled
1012,Keyboard,Accessories,123363.73,3,2023-06-07,Kochi,Shipped
1013,Smartwatch,Electronics,99096.86,4,2023-11-01,Delhi,Shipped
1014,Smartwatch,Mobiles,119538.1,3,2023-10-19,Kochi,Delivered
1015,Monitor,Mobiles,41155.93,2,2023-05-28,Kochi,Returned
1016,Monitor,Accessories,104007.66,3,2023-08-13,Bangalore,Cancelled
1017,Phone,Mobiles,39977.27,4,2023-03-05,Delhi,Delivered
1018,Camera,Mobiles,140890.74,4,2023-08-28,Delhi,Returned
1019,Phone,Accessories,95637.96,4,2023-12-19,Kochi,Cancelled
1020,Headphones,Mobiles,49014.51,3,2023-06-05,Kochi,Cancelled
1021,Mouse,Mobiles,40792.02,3,2023-12-25,Kochi,Cancelled
1022,Headphones,Mobiles,29043.52,1,2023-07-26,Hyderabad,Returned
1023,Headphones,Electronics,104348.82,1,2023-05-20,Chennai,Cancelled
1024,Laptop,Accessories,33197.98,2,2023-09-14,Mumbai,Cancelled
1025,Headphones,Accessories,89497.84,1,2023-10-04,Chennai,Delivered
1026,Phone,Accessories,40062.94,2,2023-09-10,Delhi,Shipped
1027,Keyboard,Electronics,99464.36,4,2023-08-13,Bangalore,Returned
1028,Keyboard,Electronics,122333.49,1,2023-02-11,Mumbai,Shipped
1029,Monitor,Accessories,116814.77,3,2023-11-03,Bangalore,Delivered
1030,Mouse,Electronics,114247.27,1,2023-01-21,Hyderabad,Shipped
1031,Mouse,Accessories,28564.5,2,2023-08-10,Delhi,Cancelled
1032,Laptop,Electronics,13713.55,1,2023-06-15,Hyderabad,Cancelled
1033,Phone,Mobiles,104992.85,4,2023-11-06,Delhi,Returned
1034,Monitor,Mobiles,55567.91,3,2023-05-09,Bangalore,Returned
1035,Mouse,Accessories,65135.76,2,2023-01-14,Bangalore,Returned
1036,Keyboard,Electronics,5156.79,3,2023-02-16,Bangalore,Delivered
1037,Headphones,Electronics,39306.68,3,2023-04-28,Delhi,Returned
1038,Headphones,Mobiles,5534.62,2,2023-12-12,Kochi,Delivered
1039,Monitor,Mobiles,131938.27,3,2023-10-22,Bangalore,Cancelled
1040,Phone,Electronics,36887.8,3,2023-10-28,Hyderabad,Shipped
1041,Phone,Electronics,83821.91,1,2023-01-11,Mumbai,Cancelled
1042,Camera,Electronics,6327.41,3,2023-12-11,Delhi,Cancelled
1043,Tablet,Electronics,100193.69,3,2023-05-18,Hyderabad,Cancelled
1044,Mouse,Electronics,48792.59,3,2023-10-23,Chennai,Returned
1045,Phone,Electronics,134738.92,3,2023-01-21,Chennai,Returned
1046,Keyboard,Accessories,133273.67,2,2023-03-31,Mumbai,Returned
1047,Monitor,Electronics,49130.95,4,2023-08-29,Kochi,Shipped
1048,Camera,Mobiles,135193.65,1,2023-09-23,Bangalore,Returned
1049,Smartwatch,Accessories,149425.57,3,2023-11-30,Delhi,Delivered
1050,Laptop,Electronics,123899.64,3,2023-08-15,Hyderabad,Cancelled
1051,Smartwatch,Mobiles,126808.27,2,2023-05-23,Bangalore,Shipped
1052,Headphones,Accessories,37726.81,4,2023-04-03,Hyderabad,Shipped
1053,Laptop,Mobiles,86717.01,3,2023-10-27,Delhi,Shipped
1054,Mouse,Electronics,10554.76,2,2023-08-12,Chennai,Shipped
1055,Keyboard,Electronics,14690.23,1,2023-11-22,Bangalore,Shipped
1056,Laptop,Electronics,149834.45,1,2023-09-09,Mumbai,Delivered
1057,Tablet,Electronics,49332.57,3,2023-02-16,Kochi,Cancelled
1058,Smartwatch,Accessories,112353.49,3,2023-08-29,Mumbai,Shipped
1059,Mouse,Accessories,121096.43,4,2023-06-28,Kochi,Cancelled
1060,Tablet,Mobiles,128774.48,4,2023-07-29,Hyderabad,Returned
1061,Headphones,Electronics,149645.43,3,2023-06-20,Bangalore,Shipped
1062,Tablet,Mobiles,36603.72,2,2023-06-14,Bangalore,Shipped
1063,Camera,Accessories,6532.45,4,2023-12-10,Kochi,Cancelled
1064,Camera,Electronics,61973.13,3,2023-02-23,Chennai,Shipped
1065,Monitor,Electronics,19947.06,4,2023-03-24,Delhi,Shipped
1066,Mouse,Accessories,3852.67,3,2023-06-18,Mumbai,Shipped
1067,Headphones,Accessories,54383.81,1,2023-07-30,Hyderabad,Delivered
1068,Phone,Accessories,117668.87,3,2023-12-22,Mumbai,Delivered
1069,Camera,Accessories,85144.01,1,2023-09-11,Mumbai,Shipped
1070,Mouse,Accessories,47260.31,4,2023-05-28,Hyderabad,Delivered
1071,Phone,Electronics,98324.13,3,2023-12-06,Hyderabad,Returned
1072,Monitor,Accessories,35186.72,4,2023-07-25,Bangalore,Shipped
1073,Tablet,Electronics,2650.03,1,2023-10-09,Mumbai,Returned
1074,Camera,Electronics,114770.83,3,2023-01-19,Delhi,Cancelled
1075,Mouse,Accessories,93749.59,4,2023-08-21,Delhi,Returned
1076,Laptop,Accessories,114464.24,1,2023-02-15,Kochi,Cancelled
1077,Phone,Electronics,6321.23,4,2023-06-11,Hyderabad,Shipped
1078,Tablet,Accessories,125649.38,2,2023-05-10,Bangalore,Cancelled
1079,Camera,Accessories,93119.17,1,2023-06-15,Delhi,Cancelled
1080,Headphones,Accessories,84727.6,1,2023-03-01,Chennai,Returned
1081,Phone,Mobiles,93879.8,1,2023-07-26,Bangalore,Returned
1082,Camera,Electronics,129732.77,3,2023-09-21,Bangalore,Returned
1083,Phone,Mobiles,88247.01,3,2023-01-01,Delhi,Shipped
1084,Tablet,Accessories,87352.08,3,2023-12-03,Chennai,Shipped
1085,Camera,Mobiles,148606.53,2,2023-10-05,Kochi,Returned
1086,Smartwatch,Accessories,113631.16,2,2023-08-25,Delhi,Shipped
1087,Mouse,Mobiles,66622.92,1,2023-07-31,Chennai,Shipped
1088,Tablet,Accessories,106255.85,2,2023-01-28,Bangalore,Cancelled
1089,Phone,Mobiles,58689.96,4,2023-04-07,Chennai,Cancelled
1090,Headphones,Mobiles,34716.88,1,2023-09-23,Bangalore,Returned
1091,Laptop,Mobiles,89729.36,1,2023-07-05,Delhi,Shipped
1092,Phone,Electronics,139263.22,4,2023-11-15,Hyderabad,Cancelled
1093,Mouse,Mobiles,139406.36,1,2023-09-13,Delhi,Delivered
1094,Camera,Electronics,51614.84,2,2023-11-17,Mumbai,Shipped
1095,Laptop,Accessories,79387.78,3,2023-08-15,Mumbai,Delivered
1096,Keyboard,Mobiles,32139.57,4,2023-01-27,Mumbai,Returned
1097,Phone,Accessories,149346.85,2,2023-04-15,Delhi,Shipped
1098,Monitor,Accessories,147177.13,4,2023-05-17,Kochi,Returned
1099,Keyboard,Mobiles,97601.58,4,2023-10-09,Delhi,Returned
1100,Phone,Electronics,120759.9,1,2023-03-09,Hyderabad,Returned
1101,Smartwatch,Mobiles,107407.47,1,2023-05-28,Chennai,Returned
1102,Monitor,Accessories,89177.15,2,2023-08-13,Delhi,Returned
1103,Laptop,Accessories,8475.53,4,2023-12-24,Delhi,Shipped
1104,Headphones,Mobiles,68487.27,1,2023-09-06,Bangalore,Delivered
1105,Smartwatch,Electronics,101380.55,1,2023-03-04,Bangalore,Shipped
1106,Keyboard,Electronics,101790.98,4,2023-01-15,Bangalore,Shipped
1107,Camera,Accessories,56281.83,2,2023-11-19,Delhi,Shipped
1108,Mouse,Accessories,141282.95,2,2023-11-08,Kochi,Cancelled
1109,Headphones,Electronics,25519.88,4,2023-05-03,Chennai,Cancelled
1110,Smartwatch,Mobiles,75303.74,2,2023-12-30,Chennai,Shipped
1111,Camera,Accessories,103787.15,1,2023-03-23,Hyderabad,Delivered
1112,Camera,Electronics,104721.8,4,2023-06-09,Kochi,Shipped
1113,Phone,Accessories,97471.52,1,2023-10-10,Kochi,Returned
1114,Smartwatch,Mobiles,41655.59,3,2023-01-08,Chennai,Cancelled
1115,Laptop,Electronics,23852.88,3,2023-10-10,Mumbai,Cancelled
1116,Monitor,Accessories,95573.08,2,2023-07-28,Bangalore,Shipped
1117,Monitor,Mobiles,90095.67,3,2023-02-17,Bangalore,Shipped
1118,Keyboard,Accessories,27313.72,1,2023-04-26,Chennai,Delivered
1119,Keyboard,Mobiles,105918.3,3,2023-02-28,Kochi,Delivered
1120,Monitor,Mobiles,68548.21,1,2023-08-25,Hyderabad,Returned
1121,Laptop,Electronics,100330.21,2,2023-03-02,Mumbai,Shipped
1122,Mouse,Mobiles,125686.38,2,2023-11-28,Chennai,Shipped
1123,Tablet,Accessories,25874.4,1,2023-03-20,Bangalore,Shipped
1124,Mouse,Mobiles,3362.16,3,2023-09-13,Delhi,Cancelled
1125,Phone,Mobiles,116975.84,2,2023-05-30,Kochi,Returned
1126,Tablet,Electronics,91649.77,4,2023-09-18,Delhi,Delivered
1127,Tablet,Mobiles,105096.12,2,2023-12-28,Hyderabad,Cancelled
1128,Smartwatch,Mobiles,125804.17,3,2023-05-20,Chennai,Cancelled
1129,Laptop,Accessories,120520.23,4,2023-08-01,Bangalore,Cancelled
1130,Laptop,Electronics,144157.56,3,2023-09-05,Mumbai,Cancelled
1131,Tablet,Electronics,80622.29,1,2023-08-30,Delhi,Returned
1132,Smartwatch,Electronics,73530.1,4,2023-05-05,Mumbai,Shipped
1133,Tablet,Mobiles,60582.14,3,2023-08-22,Hyderabad,Delivered
1134,Headphones,Electronics,23476.81,4,2023-10-10,Bangalore,Delivered
1135,Keyboard,Mobiles,86104.78,3,2023-03-16,Delhi,Cancelled
1136,Keyboard,Mobiles,41913.37,4,2023-07-16,Hyderabad,Cancelled
1137,Mouse,Accessories,138235.47,3,2023-04-08,Mumbai,Returned
1138,Phone,Accessories,87687.03,1,2023-11-03,Mumbai,Cancelled
1139,Keyboard,Accessories,89129.61,4,2023-09-18,Delhi,Delivered
1140,Camera,Accessories,53561.24,4,2023-03-11,Bangalore,Delivered
1141,Mouse,Accessories,8272.41,4,2023-02-05,Mumbai,Shipped
1142,Keyboard,Mobiles,5245.69,4,2023-05-22,Chennai,Shipped
1143,Phone,Mobiles,63788.6,1,2023-08-01,Hyderabad,Delivered
1144,Laptop,Electronics,13142.52,4,2023-06-24,Delhi,Delivered
1145,Laptop,Mobiles,91223.62,2,2023-09-17,Kochi,Returned
1146,Tablet,Mobiles,132205.46,1,2023-05-17,Kochi,Returned
1147,Headphones,Accessories,132495.77,2,2023-01-02,Bangalore,Delivered
1148,Laptop,Mobiles,99027.29,4,2023-05-25,Chennai,Cancelled
1149,Smartwatch,Accessories,32079.16,3,2023-06-02,Mumbai,Shipped
1150,Keyboard,Electronics,129518.03,2,2023-10-28,Kochi,Delivered
1151,Smartwatch,Electronics,132970.97,4,2023-10-24,Bangalore,Cancelled
1152,Phone,Mobiles,29899.71,2,2023-12-04,Hyderabad,Delivered
1153,Laptop,Electronics,110745.2,4,2023-09-08,Chennai,Shipped
1154,Headphones,Mobiles,43334.67,4,2023-03-18,Chennai,Shipped
1155,Phone,Electronics,120494.73,4,2023-08-17,Bangalore,Returned
1156,Camera,Accessories,149587.07,3,2023-10-03,Bangalore,Returned
1157,Camera,Accessories,4988.89,2,2023-09-05,Mumbai,Returned
1158,Smartwatch,Accessories,134656.2,1,2023-06-26,Bangalore,Returned
1159,Tablet,Accessories,93583.26,1,2023-06-20,Mumbai,Shipped
1160,Mouse,Mobiles,146020.7,1,2023-10-10,Mumbai,Cancelled
1161,Tablet,Electronics,70018.92,1,2023-10-06,Delhi,Cancelled
1162,Tablet,Mobiles,127184.5,4,2023-07-13,Chennai,Cancelled
1163,Headphones,Accessories,9827.91,2,2023-08-22,Hyderabad,Delivered
1164,Laptop,Mobiles,50624.22,2,2023-06-14,Chennai,Returned
1165,Headphones,Electronics,10518.97,3,2023-04-07,Chennai,Returned
1166,Phone,Mobiles,146313.8,2,2023-12-24,Delhi,Shipped
1167,Camera,Electronics,122637.6,2,2023-05-03,Mumbai,Shipped
1168,Headphones,Mobiles,127955.84,2,2023-10-20,Mumbai,Delivered
1169,Phone,Electronics,140725.8,3,2023-07-16,Bangalore,Delivered
1170,Headphones,Electronics,13222.97,1,2023-04-30,Delhi,Cancelled
1171,Tablet,Accessories,58146.84,2,2023-07-30,Bangalore,Shipped
1172,Keyboard,Electronics,11119.72,3,2023-01-23,Delhi,Returned
1173,Smartwatch,Accessories,32013.57,3,2023-06-12,Bangalore,Cancelled
1174,Mouse,Accessories,34790.18,4,2023-08-31,Kochi,Returned
1175,Headphones,Accessories,70631.53,3,2023-12-28,Chennai,Cancelled
1176,Mouse,Mobiles,40650.04,1,2023-07-15,Chennai,Returned
1177,Monitor,Mobiles,15596.23,2,2023-07-17,Hyderabad,Delivered
1178,Headphones,Mobiles,25539.92,3,2023-12-06,Mumbai,Cancelled
1179,Keyboard,Mobiles,22517.7,1,2023-11-30,Hyderabad,Returned
1180,Mouse,Electronics,145974.98,3,2023-03-19,Kochi,Returned
1181,Headphones,Electronics,114014.23,3,2023-09-11,Hyderabad,Shipped
1182,Laptop,Mobiles,145180.34,3,2023-01-19,Chennai,Cancelled
1183,Smartwatch,Electronics,66241.2,3,2023-03-06,Mumbai,Returned
1184,Keyboard,Electronics,42116.09,3,2023-09-15,Kochi,Shipped
1185,Mouse,Accessories,119844.83,1,2023-10-30,Chennai,Returned
1186,Keyboard,Accessories,49274.96,2,2023-06-19,Bangalore,Cancelled
1187,Phone,Accessories,45257.81,2,2023-02-21,Delhi,Delivered
1188,Smartwatch,Accessories,35259.65,2,2023-08-14,Kochi,Cancelled
1189,Headphones,Electronics,19887.01,2,2023-02-21,Mumbai,Cancelled
1190,Headphones,Mobiles,38841.23,1,2023-09-27,Hyderabad,Returned
1191,Headphones,Electronics,53620.3,4,2023-08-22,Hyderabad,Returned
1192,Smartwatch,Electronics,101262.13,4,2023-01-08,Kochi,Cancelled
1193,Laptop,Electronics,9853.44,1,2023-03-15,Mumbai,Shipped
1194,Monitor,Accessories,31970.79,1,2023-07-29,Kochi,Shipped
1195,Camera,Accessories,121449.03,3,2023-12-02,Mumbai,Shipped
1196,Tablet,Accessories,22464.83,3,2023-03-21,Hyderabad,Returned
1197,Mouse,Mobiles,51725.45,3,2023-02-08,Chennai,Returned
1198,Laptop,Electronics,129766.51,2,2023-08-29,Bangalore,Cancelled
1199,Mouse,Mobiles,23661.33,3,2023-05-16,Chennai,Delivered
1200,Headphones,Accessories,12869.16,4,2023-06-23,Bangalore,Returned
1201,Keyboard,Mobiles,72938.43,2,2023-11-16,Hyderabad,Cancelled
1202,Mouse,Electronics,45711.72,3,2023-12-21,Chennai,Cancelled
1203,Headphones,Electronics,84729.55,2,2023-07-23,Chennai,Delivered
1204,Mouse,Accessories,120668.83,4,2023-11-29,Kochi,Shipped
1205,Keyboard,Accessories,21003.7,3,2023-02-11,Delhi,Cancelled
1206,Headphones,Mobiles,87314.51,4,2023-06-18,Hyderabad,Cancelled
1207,Monitor,Accessories,76073.56,4,2023-12-12,Mumbai,Cancelled
1208,Laptop,Accessories,22039.78,4,2023-10-01,Hyderabad,Shipped
1209,Phone,Electronics,93787.77,3,2023-07-14,Mumbai,Shipped
1210,Tablet,Accessories,41409.24,1,2023-06-12,Mumbai,Delivered
1211,Smartwatch,Accessories,73431.23,3,2023-11-17,Bangalore,Returned
1212,Tablet,Electronics,12799.71,4,2023-09-07,Mumbai,Shipped
1213,Tablet,Electronics,69207.82,3,2023-10-05,Mumbai,Returned
1214,Headphones,Mobiles,46316.29,4,2023-01-19,Kochi,Returned
1215,Monitor,Accessories,123445.99,1,2023-11-13,Chennai,Shipped
1216,Phone,Electronics,9018.32,2,2023-02-05,Hyderabad,Cancelled
1217,Laptop,Mobiles,63081.79,1,2023-05-01,Hyderabad,Delivered
1218,Laptop,Mobiles,69035.5,1,2023-11-20,Mumbai,Returned
1219,Keyboard,Accessories,108888.41,2,2023-12-17,Delhi,Cancelled
1220,Smartwatch,Accessories,86355.99,3,2023-05-28,Hyderabad,Shipped
1221,Mouse,Mobiles,100248.24,2,2023-04-27,Mumbai,Returned
1222,Monitor,Electronics,116668.87,3,2023-02-16,Bangalore,Returned
1223,Mouse,Mobiles,129399.34,3,2023-08-11,Bangalore,Returned
1224,Phone,Accessories,47424.39,4,2023-02-20,Bangalore,Cancelled
1225,Tablet,Electronics,80934.39,4,2023-11-21,Mumbai,Cancelled
1226,Laptop,Electronics,126096.16,2,2023-12-27,Kochi,Cancelled
1227,Phone,Mobiles,148422.94,1,2023-02-21,Delhi,Returned
1228,Tablet,Accessories,133483.14,2,2023-08-16,Mumbai,Returned
1229,Laptop,Mobiles,56034.36,3,2023-03-27,Kochi,Delivered
1230,Tablet,Mobiles,29677.39,4,2023-12-22,Kochi,Delivered
1231,Smartwatch,Mobiles,73664.18,2,2023-06-03,Hyderabad,Cancelled
1232,Monitor,Electronics,111375.4,2,2023-01-15,Mumbai,Cancelled
1233,Phone,Electronics,74139.08,4,2023-01-24,Mumbai,Shipped
1234,Phone,Accessories,72735.54,4,2023-06-16,Kochi,Cancelled
1235,Camera,Accessories,125815.45,4,2023-01-29,Kochi,Delivered
1236,Headphones,Mobiles,54529.86,3,2023-05-31,Kochi,Delivered
1237,Smartwatch,Mobiles,129039.3,4,2023-07-03,Hyderabad,Delivered
1238,Smartwatch,Mobiles,61317.32,1,2023-07-11,Mumbai,Returned
1239,Mouse,Accessories,49570.85,2,2023-08-09,Kochi,Returned
1240,Tablet,Electronics,68371.49,4,2023-03-16,Bangalore,Cancelled
1241,Headphones,Electronics,114485.82,4,2023-05-06,Mumbai,Shipped
1242,Monitor,Mobiles,19337.3,3,2023-09-29,Hyderabad,Shipped
1243,Monitor,Mobiles,29864.67,3,2023-07-30,Bangalore,Shipped
1244,Smartwatch,Mobiles,142741.0,2,2023-10-17,Chennai,Returned
1245,Monitor,Mobiles,26736.0,1,2023-12-16,Mumbai,Delivered
1246,Camera,Accessories,85375.23,2,2023-04-03,Chennai,Delivered
1247,Phone,Electronics,87107.51,4,2023-03-29,Kochi,Returned
1248,Keyboard,Mobiles,73698.86,1,2023-03-31,Hyderabad,Shipped
1249,Mouse,Accessories,96889.41,1,2023-02-10,Kochi,Shipped
1250,Tablet,Mobiles,34859.1,1,2023-11-09,Hyderabad,Cancelled
1251,Tablet,Mobiles,83123.01,1,2023-07-15,Delhi,Cancelled
1252,Laptop,Electronics,56139.9,2,2023-11-14,Kochi,Shipped
1253,Keyboard,Mobiles,99419.26,3,2023-12-16,Chennai,Returned
1254,Smartwatch,Electronics,21612.92,3,2023-05-04,Hyderabad,Shipped
1255,Camera,Electronics,85846.17,4,2023-09-12,Kochi,Cancelled
1256,Phone,Electronics,28197.92,3,2023-10-26,Mumbai,Shipped
1257,Phone,Accessories,42157.14,3,2023-03-15,Hyderabad,Returned
1258,Camera,Accessories,33197.12,3,2023-04-29,Hyderabad,Delivered
1259,Headphones,Electronics,27834.25,3,2023-08-25,Kochi,Returned
1260,Laptop,Mobiles,123943.79,4,2023-11-23,Delhi,Returned
1261,Tablet,Electronics,43213.28,2,2023-05-11,Kochi,Cancelled
1262,Keyboard,Mobiles,139105.01,1,2023-08-24,Chennai,Returned
1263,Monitor,Electronics,145504.02,3,2023-05-11,Chennai,Returned
1264,Laptop,Mobiles,85903.44,2,2023-12-08,Hyderabad,Cancelled
1265,Keyboard,Accessories,21878.67,3,2023-01-05,Hyderabad,Cancelled
1266,Mouse,Mobiles,56494.96,3,2023-08-27,Kochi,Delivered
1267,Mouse,Electronics,119760.97,1,2023-05-28,Chennai,Shipped
1268,Laptop,Accessories,55424.91,1,2023-12-13,Chennai,Returned
1269,Smartwatch,Mobiles,13509.07,1,2023-10-07,Delhi,Cancelled
1270,Keyboard,Mobiles,83739.34,3,2023-03-22,Mumbai,Delivered
1271,Keyboard,Mobiles,126845.57,3,2023-02-07,Delhi,Shipped
1272,Camera,Mobiles,119490.99,3,2023-08-15,Bangalore,Cancelled
1273,Smartwatch,Mobiles,26680.91,1,2023-06-26,Delhi,Shipped
1274,Tablet,Accessories,101078.31,4,2023-10-28,Kochi,Shipped
1275,Tablet,Accessories,33465.39,2,2023-06-03,Mumbai,Returned
1276,Monitor,Accessories,33122.03,4,2023-11-24,Kochi,Returned
1277,Phone,Accessories,131173.73,3,2023-08-06,Bangalore,Cancelled
1278,Mouse,Electronics,37825.51,3,2023-12-20,Mumbai,Shipped
1279,Tablet,Accessories,39855.48,4,2023-05-09,Hyderabad,Cancelled
1280,Smartwatch,Mobiles,597.68,3,2023-08-22,Chennai,Cancelled
1281,Keyboard,Mobiles,130665.02,2,2023-06-04,Delhi,Shipped
1282,Tablet,Accessories,118992.92,3,2023-04-12,Kochi,Cancelled
1283,Keyboard,Mobiles,94285.68,2,2023-07-16,Bangalore,Shipped
1284,Tablet,Accessories,112664.73,4,2023-09-05,Chennai,Shipped
1285,Mouse,Mobiles,23231.26,4,2023-02-24,Delhi,Shipped
1286,Tablet,Electronics,69019.38,3,2023-05-02,Chennai,Shipped
1287,Smartwatch,Electronics,53007.3,2,2023-07-15,Delhi,Delivered
1288,Tablet,Accessories,14519.59,3,2023-10-20,Hyderabad,Shipped
1289,Phone,Accessories,73176.51,1,2023-07-03,Mumbai,Returned
1290,Mouse,Accessories,138150.58,1,2023-10-22,Chennai,Returned
1291,Smartwatch,Mobiles,6488.84,1,2023-06-01,Chennai,Returned
1292,Camera,Accessories,44073.41,1,2023-12-25,Chennai,Shipped
1293,Smartwatch,Electronics,31527.37,3,2023-06-01,Mumbai,Returned
1294,Phone,Mobiles,36102.92,1,2023-01-12,Bangalore,Delivered
1295,Mouse,Accessories,136310.97,2,2023-12-04,Delhi,Cancelled
1296,Camera,Mobiles,70476.32,4,2023-07-22,Hyderabad,Shipped
1297,Phone,Mobiles,70211.76,4,2023-05-21,Chennai,Returned
1298,Phone,Accessories,114206.06,1,2023-01-05,Mumbai,Delivered
1299,Laptop,Mobiles,23596.58,1,2023-10-17,Bangalore,Cancelled
1300,Mouse,Electronics,73346.17,1,2023-12-18,Delhi,Delivered
1301,Smartwatch,Electronics,64782.79,3,2023-01-26,Mumbai,Returned
1302,Keyboard,Mobiles,89738.15,4,2023-11-07,Hyderabad,Delivered
1303,Keyboard,Accessories,149933.88,1,2023-09-12,Hyderabad,Cancelled
1304,Smartwatch,Mobiles,115532.61,2,2023-05-27,Delhi,Returned
1305,Smartwatch,Electronics,59980.92,1,2023-04-28,Chennai,Cancelled
1306,Mouse,Mobiles,124219.18,4,2023-11-07,Hyderabad,Delivered
1307,Smartwatch,Mobiles,26020.9,1,2023-06-30,Bangalore,Shipped
1308,Laptop,Electronics,5054.32,4,2023-04-23,Mumbai,Shipped
1309,Camera,Mobiles,31065.03,1,2023-11-22,Bangalore,Shipped
1310,Smartwatch,Mobiles,51391.53,2,2023-04-08,Chennai,Shipped
1311,Keyboard,Accessories,76831.82,1,2023-11-14,Bangalore,Cancelled
1312,Smartwatch,Accessories,92461.81,2,2023-05-09,Bangalore,Shipped
1313,Laptop,Electronics,136635.55,2,2023-12-14,Kochi,Cancelled
1314,Tablet,Electronics,76723.17,1,2023-12-04,Bangalore,Returned
1315,Tablet,Electronics,75440.71,2,2023-12-15,Delhi,Shipped
1316,Phone,Accessories,8011.33,3,2023-03-12,Mumbai,Cancelled
1317,Monitor,Electronics,5719.28,1,2023-11-18,Kochi,Shipped
1318,Camera,Electronics,82898.41,1,2023-02-19,Mumbai,Shipped
1319,Headphones,Electronics,66007.7,2,2023-11-18,Mumbai,Shipped
1320,Phone,Accessories,125957.47,2,2023-11-27,Chennai,Cancelled
1321,Tablet,Mobiles,24521.6,1,2023-01-21,Chennai,Delivered
1322,Keyboard,Electronics,4233.26,3,2023-06-08,Kochi,Shipped
1323,Headphones,Mobiles,67631.3,2,2023-08-14,Hyderabad,Shipped
1324,Phone,Electronics,36003.04,2,2023-01-18,Chennai,Returned
1325,Headphones,Mobiles,7917.35,4,2023-10-24,Chennai,Delivered
1326,Mouse,Accessories,108827.44,3,2023-07-06,Chennai,Cancelled
1327,Monitor,Accessories,17183.15,3,2023-03-09,Mumbai,Returned
1328,Mouse,Electronics,91443.77,1,2023-02-16,Kochi,Shipped
1329,Headphones,Mobiles,42516.94,3,2023-06-01,Mumbai,Returned
1330,Mouse,Accessories,26437.66,1,2023-06-17,Delhi,Returned
1331,Laptop,Electronics,57272.85,4,2023-08-01,Mumbai,Shipped
1332,Tablet,Electronics,120316.14,3,2023-03-31,Delhi,Delivered
1333,Laptop,Accessories,59117.99,2,2023-04-13,Bangalore,Delivered
1334,Smartwatch,Accessories,112740.06,4,2023-03-09,Bangalore,Returned
1335,Mouse,Electronics,19260.2,1,2023-10-04,Delhi,Shipped
1336,Smartwatch,Mobiles,116029.33,4,2023-07-07,Delhi,Cancelled
1337,Keyboard,Mobiles,35921.53,1,2023-09-29,Mumbai,Returned
1338,Camera,Mobiles,101770.27,4,2023-09-14,Delhi,Cancelled
1339,Keyboard,Electronics,85084.34,1,2023-05-20,Kochi,Returned
1340,Headphones,Accessories,139407.14,3,2023-03-26,Bangalore,Returned
1341,Tablet,Electronics,58404.72,2,2023-05-12,Bangalore,Shipped
1342,Mouse,Accessories,10391.7,1,2023-09-04,Hyderabad,Shipped
1343,Phone,Mobiles,3363.75,4,2023-06-01,Delhi,Cancelled
1344,Camera,Mobiles,124115.35,1,2023-06-23,Chennai,Cancelled
1345,Monitor,Accessories,78947.98,1,2023-02-28,Chennai,Delivered
1346,Monitor,Accessories,116398.99,1,2023-08-28,Delhi,Shipped
1347,Monitor,Electronics,35546.63,4,2023-02-08,Kochi,Returned
1348,Mouse,Mobiles,52090.02,2,2023-03-14,Chennai,Returned
1349,Monitor,Electronics,5000.53,3,2023-04-26,Hyderabad,Delivered
1350,Laptop,Electronics,144243.1,2,2023-12-13,Delhi,Shipped
1351,Camera,Electronics,100346.25,1,2023-12-12,Kochi,Returned
1352,Laptop,Mobiles,140014.16,4,2023-07-23,Kochi,Delivered
1353,Camera,Electronics,40191.71,2,2023-10-13,Mumbai,Delivered
1354,Laptop,Electronics,91913.81,1,2023-07-07,Kochi,Returned
1355,Camera,Electronics,101935.75,3,2023-02-16,Chennai,Returned
1356,Smartwatch,Electronics,47973.68,3,2023-07-22,Chennai,Cancelled
1357,Mouse,Electronics,127292.33,3,2023-01-08,Delhi,Shipped
1358,Mouse,Electronics,142100.64,1,2023-05-16,Delhi,Cancelled
1359,Monitor,Mobiles,132785.84,4,2023-10-02,Kochi,Delivered
1360,Keyboard,Electronics,110990.51,2,2023-03-05,Hyderabad,Returned
1361,Monitor,Accessories,41980.97,3,2023-08-21,Bangalore,Cancelled
1362,Headphones,Electronics,42601.6,1,2023-07-08,Mumbai,Delivered
1363,Laptop,Electronics,144522.37,1,2023-12-11,Bangalore,Shipped
1364,Camera,Mobiles,2037.53,2,2023-12-11,Kochi,Returned
1365,Keyboard,Mobiles,107549.47,3,2023-05-15,Kochi,Cancelled
1366,Headphones,Accessories,106083.8,1,2023-10-27,Bangalore,Shipped
1367,Mouse,Accessories,93592.09,2,2023-07-15,Mumbai,Cancelled
1368,Mouse,Mobiles,148521.27,4,2023-11-23,Bangalore,Delivered
1369,Monitor,Mobiles,47125.98,4,2023-07-10,Delhi,Shipped
1370,Laptop,Electronics,51325.79,4,2023-02-25,Chennai,Cancelled
1371,Keyboard,Mobiles,12301.44,3,2023-12-12,Hyderabad,Shipped
1372,Tablet,Accessories,66698.32,2,2023-04-30,Delhi,Delivered
1373,Headphones,Electronics,39526.75,2,2023-08-30,Chennai,Shipped
1374,Headphones,Accessories,51836.31,1,2023-01-13,Hyderabad,Cancelled
1375,Monitor,Electronics,125268.48,1,2023-11-14,Hyderabad,Delivered
1376,Mouse,Mobiles,140354.93,1,2023-10-15,Hyderabad,Returned
1377,Monitor,Accessories,28267.09,2,2023-06-17,Kochi,Cancelled
1378,Camera,Electronics,56190.09,1,2023-11-09,Hyderabad,Cancelled
1379,Keyboard,Electronics,139330.27,2,2023-04-24,Mumbai,Delivered
1380,Laptop,Mobiles,9740.36,2,2023-11-28,Bangalore,Delivered
1381,Smartwatch,Mobiles,14307.9,4,2023-02-02,Mumbai,Returned
1382,Phone,Mobiles,24837.25,1,2023-11-22,Bangalore,Cancelled
1383,Phone,Accessories,89484.32,4,2023-08-26,Delhi,Delivered
1384,Monitor,Electronics,22995.6,3,2023-12-25,Delhi,Returned
1385,Camera,Mobiles,145227.42,3,2023-06-04,Bangalore,Returned
1386,Keyboard,Accessories,67283.82,3,2023-11-29,Mumbai,Delivered
1387,Tablet,Accessories,75476.94,2,2023-07-29,Bangalore,Cancelled
1388,Phone,Accessories,37375.46,2,2023-03-01,Hyderabad,Shipped
1389,Keyboard,Mobiles,70908.56,2,2023-03-13,Kochi,Shipped
1390,Laptop,Mobiles,99456.09,1,2023-01-24,Delhi,Returned
1391,Camera,Electronics,112800.98,4,2023-01-20,Kochi,Shipped
1392,Mouse,Electronics,113203.28,2,2023-06-05,Hyderabad,Shipped
1393,Keyboard,Mobiles,86894.72,4,2023-09-10,Hyderabad,Delivered
1394,Laptop,Accessories,135701.79,4,2023-03-01,Delhi,Returned
1395,Tablet,Accessories,122702.47,4,2023-02-19,Delhi,Cancelled
1396,Smartwatch,Accessories,113678.69,1,2023-05-01,Hyderabad,Returned
1397,Mouse,Electronics,8813.03,1,2023-10-03,Chennai,Delivered
1398,Smartwatch,Accessories,1528.26,3,2023-03-11,Kochi,Shipped
1399,Tablet,Electronics,32260.87,3,2023-07-18,Kochi,Cancelled
1400,Laptop,Electronics,99696.78,4,2023-08-21,Chennai,Returned
1401,Phone,Accessories,61974.02,3,2023-07-09,Mumbai,Shipped
1402,Smartwatch,Accessories,60659.74,4,2023-12-10,Kochi,Returned
1403,Mouse,Mobiles,132745.74,1,2023-12-23,Bangalore,Cancelled
1404,Monitor,Mobiles,134386.65,1,2023-10-04,Hyderabad,Returned
1405,Headphones,Accessories,136421.7,1,2023-08-03,Hyderabad,Returned
1406,Keyboard,Electronics,47424.77,2,2023-10-28,Chennai,Returned
1407,Phone,Electronics,103812.84,4,2023-03-21,Kochi,Shipped
1408,Smartwatch,Electronics,41109.16,1,2023-08-01,Mumbai,Cancelled
1409,Keyboard,Electronics,28996.17,4,2023-12-02,Kochi,Cancelled
1410,Monitor,Electronics,28102.55,3,2023-02-20,Hyderabad,Shipped
1411,Tablet,Mobiles,51645.09,3,2023-09-08,Delhi,Shipped
1412,Headphones,Accessories,64778.66,1,2023-11-12,Bangalore,Shipped
1413,Laptop,Mobiles,124726.9,4,2023-07-28,Chennai,Delivered
1414,Monitor,Electronics,18423.72,1,2023-05-24,Delhi,Returned
1415,Monitor,Electronics,110371.41,3,2023-01-17,Mumbai,Returned
1416,Tablet,Electronics,79952.51,1,2023-12-20,Delhi,Cancelled
1417,Camera,Electronics,43547.83,4,2023-07-09,Delhi,Returned
1418,Tablet,Accessories,74176.53,3,2023-04-22,Mumbai,Delivered
1419,Camera,Electronics,45341.34,2,2023-08-16,Delhi,Shipped
1420,Camera,Accessories,89614.25,3,2023-08-16,Chennai,Cancelled
1421,Phone,Electronics,65359.67,2,2023-05-01,Hyderabad,Cancelled
1422,Phone,Accessories,25078.63,1,2023-07-05,Kochi,Returned
1423,Mouse,Mobiles,17929.17,1,2023-02-20,Delhi,Cancelled
1424,Smartwatch,Electronics,82231.0,4,2023-12-18,Chennai,Shipped
1425,Smartwatch,Accessories,135410.75,2,2023-07-08,Kochi,Cancelled
1426,Laptop,Mobiles,51921.67,1,2023-10-06,Kochi,Shipped
1427,Smartwatch,Electronics,110083.52,2,2023-11-27,Delhi,Delivered
1428,Phone,Electronics,98969.87,1,2023-07-03,Chennai,Delivered
1429,Mouse,Electronics,139767.46,3,2023-02-01,Hyderabad,Shipped
1430,Mouse,Accessories,123236.66,1,2023-07-23,Delhi,Returned
1431,Camera,Accessories,85207.49,4,2023-05-22,Mumbai,Cancelled
1432,Tablet,Mobiles,98726.06,3,2023-04-08,Kochi,Returned
1433,Laptop,Accessories,134808.78,4,2023-03-04,Delhi,Cancelled
1434,Camera,Accessories,60228.06,3,2023-08-21,Kochi,Delivered
1435,Tablet,Electronics,49355.81,2,2023-02-16,Chennai,Delivered
1436,Smartwatch,Electronics,2116.26,4,2023-12-06,Bangalore,Delivered
1437,Camera,Electronics,124069.39,1,2023-04-19,Delhi,Cancelled
1438,Keyboard,Electronics,120246.61,2,2023-11-25,Hyderabad,Delivered
1439,Smartwatch,Electronics,16115.95,1,2023-11-24,Delhi,Delivered
1440,Tablet,Electronics,86740.18,3,2023-11-02,Kochi,Delivered
1441,Laptop,Electronics,69865.26,3,2023-01-11,Chennai,Delivered
1442,Tablet,Mobiles,18247.01,1,2023-01-26,Mumbai,Returned
1443,Camera,Mobiles,147094.95,1,2023-06-20,Hyderabad,Delivered
1444,Camera,Mobiles,32597.04,2,2023-05-05,Chennai,Delivered
1445,Monitor,Mobiles,10551.51,1,2023-03-06,Delhi,Returned
1446,Laptop,Electronics,89429.68,4,2023-10-17,Mumbai,Returned
1447,Smartwatch,Mobiles,110960.57,4,2023-04-16,Chennai,Cancelled
1448,Mouse,Electronics,5350.3,1,2023-02-05,Bangalore,Shipped
1449,Laptop,Mobiles,98978.29,4,2023-10-11,Hyderabad,Delivered
1450,Mouse,Accessories,80077.64,1,2023-04-17,Kochi,Delivered
1451,Laptop,Mobiles,15938.12,2,2023-10-28,Chennai,Delivered
1452,Laptop,Mobiles,26292.32,4,2023-04-21,Chennai,Cancelled
1453,Tablet,Electronics,85412.16,4,2023-04-30,Bangalore,Delivered
1454,Laptop,Mobiles,44805.46,1,2023-06-18,Delhi,Shipped
1455,Monitor,Accessories,140778.2,4,2023-03-17,Hyderabad,Returned
1456,Camera,Electronics,122901.66,3,2023-11-02,Hyderabad,Cancelled
1457,Headphones,Electronics,147543.3,2,2023-01-02,Kochi,Returned
1458,Mouse,Mobiles,39320.79,2,2023-05-22,Chennai,Delivered
1459,Camera,Electronics,145473.68,4,2023-03-16,Mumbai,Delivered
1460,Headphones,Electronics,64969.46,4,2023-03-08,Chennai,Delivered
1461,Mouse,Electronics,52454.06,3,2023-10-04,Kochi,Shipped
1462,Mouse,Electronics,8027.25,3,2023-05-09,Chennai,Shipped
1463,Headphones,Electronics,8388.41,4,2023-03-31,Bangalore,Cancelled
1464,Laptop,Electronics,103955.68,4,2023-02-26,Chennai,Returned
1465,Smartwatch,Accessories,68960.38,3,2023-12-05,Chennai,Delivered
1466,Keyboard,Mobiles,34364.98,1,2023-01-14,Mumbai,Delivered
1467,Camera,Accessories,92288.56,3,2023-03-09,Bangalore,Delivered
1468,Tablet,Electronics,38302.29,1,2023-01-08,Bangalore,Delivered
1469,Camera,Electronics,86855.95,2,2023-07-03,Chennai,Shipped
1470,Tablet,Mobiles,54201.71,2,2023-05-02,Hyderabad,Returned
1471,Headphones,Accessories,123621.06,3,2023-10-29,Mumbai,Returned
1472,Tablet,Mobiles,123194.08,1,2023-06-15,Chennai,Cancelled
1473,Mouse,Accessories,71863.88,3,2023-01-09,Chennai,Shipped
1474,Smartwatch,Electronics,52947.46,3,2023-03-31,Kochi,Delivered
1475,Smartwatch,Mobiles,54702.69,1,2023-05-16,Kochi,Returned
1476,Mouse,Mobiles,120954.32,3,2023-01-27,Hyderabad,Returned
1477,Monitor,Electronics,49562.83,2,2023-03-06,Mumbai,Shipped
1478,Headphones,Mobiles,31754.38,4,2023-08-04,Delhi,Cancelled
1479,Monitor,Accessories,13160.91,4,2023-09-27,Kochi,Cancelled
1480,Monitor,Accessories,70270.62,3,2023-02-28,Delhi,Delivered
1481,Camera,Accessories,72578.75,1,2023-02-02,Bangalore,Cancelled
1482,Camera,Accessories,126215.85,1,2023-09-01,Kochi,Returned
1483,Keyboard,Electronics,33575.19,2,2023-08-18,Kochi,Cancelled
1484,Tablet,Mobiles,57458.2,1,2023-07-05,Mumbai,Delivered
1485,Mouse,Accessories,121356.66,1,2023-09-20,Hyderabad,Returned
1486,Camera,Electronics,123631.73,2,2023-10-31,Delhi,Cancelled
1487,Headphones,Mobiles,57999.36,3,2023-02-25,Kochi,Cancelled
1488,Tablet,Mobiles,69139.04,4,2023-08-20,Kochi,Shipped
1489,Keyboard,Electronics,45841.24,2,2023-09-15,Mumbai,Delivered
1490,Keyboard,Electronics,139916.95,3,2023-04-24,Mumbai,Cancelled
1491,Headphones,Accessories,18237.24,2,2023-11-11,Hyderabad,Shipped
1492,Monitor,Mobiles,140095.54,3,2023-01-23,Delhi,Returned
1493,Smartwatch,Mobiles,102738.03,2,2023-12-04,Bangalore,Shipped
1494,Headphones,Electronics,79970.04,3,2023-09-24,Hyderabad,Shipped
1495,Phone,Mobiles,5382.53,2,2023-06-04,Bangalore,Cancelled
1496,Headphones,Accessories,71601.63,3,2023-08-23,Chennai,Cancelled
1497,Keyboard,Mobiles,61458.34,2,2023-11-26,Kochi,Cancelled
1498,Mouse,Electronics,24602.21,4,2023-01-16,Delhi,Shipped
1499,Camera,Electronics,98633.24,4,2023-02-01,Hyderabad,Returned
1500,Mouse,Accessories,145687.06,1,2023-09-03,Kochi,Delivered
